category,text
관람객,한시간 반짜리 제네시스 광고 + 조우진 연기 하드캐리
관람객,조우진 하드캐리 + 음악 되게 잘쓴듯
관람객,조우진은 연기 미쳤다.. 재밌음 심장 털리는줄 ㅋㅋ
관람객,음… 스토리보다는 조우진의 연기가 더 독보이는 영화였다.. 연기는 진짜 최고인듯… 스토리는 살짝 뻔하고 가족애로 약간씩 울컥하게 하는 정도…..
관람객,"이야기(서사)가 좀 더 있었으면 싶지만, 조우진ㆍ지창욱 연기는 진짜 압도적! 볼만한 오락영화!!!!"
관람객,약간의 아쉬움이 있긴 하지만 여러모로 쫄깃하고 긴장감 있게 봤구요. 뜻밖에 부산시내 누비는 차액션 부분이 가장 좋았어요 ㅎㅎㅎ
관람객,"연기도 좋았고 자동차 액션씬도 시원했다.스토리에 신파를 넣은 부분이 아쉽긴 했지만, 신과함께나 반도에 비하면 적절한 가족애.결말이나 스토리 전개가 영화 시작 5분만에 다 예상이갔다. 뻔한만큼 현실적이었다.사기맞고 소..."
관람객,재미있게 봤습니다. 조우진 배우의 재발견이랄까? 사실 영화를 자주 보는 편이 아니라 조우진 배우가 어떤 연기를 하는지 평소엔 잘 몰랐는데 연기 잘 하셔서 약간 개연성 떨어지는 부분도 연기로 커버됐다 생각해요~ 전 추...
관람객,조우진 연기 볼만함부산 놀러가고싶어지는 영화ㅠㅜㅋㅋ지창욱은 첨엔 목소리가 넘 감미로워서? 오잉 했는데 나중엔 끄덕이게되는 악역이랄까여튼 오랜만에 극장가서 보니까 꽤 재밌었음
관람객,긴박한 상황을 잘 묘사한듯 글고 무엇보다 배우들 연기가 좋았다
관람객,주연배우들의 연기는 정말 좋았으나 스토리와 연출이 다 말아먹은 작품... 애초에 조우진이 용의자로 몰리는 것도 이상하고 용의자 동생이라며 신원조회도 안 하고 딸을 납치해가게 냅두는 게 말이나 되나요 ㅋㅋㅋ 개연성 떨...
관람객,개재미없름 도망가세요
관람객,제네시스GV80성능테스트   (1)가속력테스트9.7점   (2)제동력테스트8.9점  (3)에어백테스트10점
관람객,기대이상으로 잘봤음 추격신 ㅇㅈ
관람객,배우들 연기 구멍없어서 좋았고개인적으론 부산 가고싶어지는 영화...
관람객,ㅋㅋㅋ돈 주고 제네시스 광고 볼 사람은 봐라
관람객,"조우진 연기는 늘 좋았지만, 주연 첫 도전 너무 완벽했다! 캐릭터도 찰떡이고 연기, 연출, 편집 합이 너무 좋았음!"
관람객,조우진 배우의 연기력은 좋았습니다.  하지만 긴장감을 유도했던 초반부와 다르게 중 후반부로 가면서 억지스러운 전개와 제대로 해결되지 않는 결말까지 아쉬운 부분 투성이였던 영화였습니다. 영화관에서 보기엔 돈이 아깝고 ...
관람객,"조우진, 이재인, 지창욱 연기 시너지 장난 아니였어요 오랜만에 영화관에서 제대로된 영화를 본 기분이네요"
관람객,와꾸샷 운전와꾸샷 했던말또하기와꾸샷억지감동와꾸샷 운전와꾸샷 했던말 또하기와꾸샷억지감동와꾸샷 폭발 끝
관람객,어디서 본듯한 스토리를 더욱 재미없게 각색해놓았네요.. 추격씬 15분 남짓 재밌고 나머지는 머.. GV80 홍보영화 잘봤슴다
관람객,오오 속도쾌감 오진다!!! 한국형 K-부산분노의질주!!!
관람객,근래 본 영화 중 최고네요! 여름에 딱 어울리는 스릴러 영화였습니다!
관람객,짜릿한 스릴과 극강의 긴장감을 느끼고 왔습니다
관람객,"완전 쫀쫀하게 봤네. 이런 영화 오랜만이다 ㅠ 지창욱 목소리 연기도 좋고, 조우진 쫀쫀한 연기가 하드캐리!"
관람객,조우진님 연기를 너무잘하셔서 몰입해서 봤어요 재밌었습니다~
관람객,"배우들 연기 머선129,,,조우진 배우 연기에 넋나가서 몰입해 봤습니당"
관람객,배우들 연기 죽여주네용ㅋㅋㅋ 원작이 따로 있는거로 알고 있는데 우리나라 정서에 맞게 잘 만들어진거 같아요!
관람객,스릴러라는 장르에 맞게 심장 쫄깃쫄깃하고 도심 속 질주 장면은 마음 속까지 시원하게 해준다ㅋㅋㅋ
관람객,잘봤습니다 조우진배우님 연기 넘 좋았구요!
관람객,완전 몰입해서 봄! 조우진 연기 대박이다..ㄷㄷ
관람객,잘만든 GV80 광고네요
관람객,"내용은 삼류 신파느낌을 너무 섞은데다가 연기 디렉팅은 도무지 이해가 안될 방향, 호흡으로 대사를 치고 답답함이 하늘을 찌름배우들이 연기를 못한다기보단 재료를 참 못쓴 디렉팅인듯함, 스토리도 억지스러우며 캐릭터들도 더..."
관람객,보는내내 답답합니다.정말 답답합니다.
관람객,킬링타임으로 괜찮음  ~
관람객,예고편은 아무것도 아니였던ㅋㅋㅋ 조우진 배우님 너무 좋음
관람객,뻔한 스토리에  지루해요...연기는 좋지만. 여운이없네여
관람객,진짜 잘 봤습니다 몰입감 좋고 재밌었어요
관람객,나름 긴장감도 있고 현실성있게 구성이 짜여진 것 같았어요. 재미있었습니다.
관람객,"배우들의 명연기, 편집, 그리고 배경음이 극의 멱살을 잡고 끌고 가는 느낌이다. 근데 원작에서도 그렇고 경찰들은 범인이 주인공 동생인 척 했을 때 왜 신원 확인을 안 하는 걸까. 개인적으로 원작(레트리뷰션: 응징의 ..."
관람객,아니 알바를 돌릴꺼면 영화 끝나고 달게하던가 무슨 9시부터 평점만점을 달고자빠졌냐 정신좀차려라 ㅡㅡ;;
관람객,차광고 너무 차광고 차광고 끝
관람객,엉성한 클리셰가 덕지 덕지 범벅! 둘의 시선에서 긴장감 유발을 기대했건만 가족이야기로 긴장감 급하락 역시 또 뻔한 한국영화
관람객,"전개가 빠르고 음악과 어우러진 스릴은 좋았지만, 스토리가 너무 답답했다. 내용도 뻔하고 연출도 진부했다. 새로움은 없지만 볼 만 했다."
관람객,제네시스 gv80광고 잘봤습니다
관람객,긴장감은 있지만 뻔한 결말과 답답한 스토리전개
관람객,코로나 때문에 오랜만에 본 영화인데 잼있게 잘봣습니다 그냥 내용이 많이 복잡하지가 않아서 좋았습니다
관람객,조우진님 연기 최고였어요 뿌린대로 거두니 정직하게 삽시다!
관람객,조우진 최고된다ㅠㅠㅠㅠ
관람객,밀폐된 공간 속 극강의 긴장감을 맛보고 왔네요 오랜만에 보는 한국 스릴러 영화였는데 너무 재밌게 봤습니다
관람객,바닷가 앞 포위되기 직전까지만 본 걸로 칠래. 진짜 너무 아쉽다
관람객,놀랄정도로 재미없어요 나중에 ocn에서 보세요
관람객,이거 gv80 광고영화 맞재??
관람객,몰입감이 쩔어요 내용은 그냥 다보고나면 엥? 하는데 카메라 무빙이나 연기들이 좋아요
관람객,조연과 주연이 종이 한 장 차이라는 걸 알게 된 영화. 상영시간을 꽉채워내는 연기력이 압도적이고 절절하다.
관람객,조우진 배우 첫 주연에 하드캐리
관람객,말도 안되는 개연성 마지막에 어떻게 그걸로 사냐 그렇게 할 꺼였으면 진작에 하던가 아니면 깔끔하게 죽었으면 몰랐다
관람객,"아 ㅋㅋ 시잇펄 이게 그 해운대 일방통행 길에서 역주행 조온나 하면서 찍은 그 영화였네 ㅋㅋ 무슨 영화고 언제 개봉하나 했더니 이거 였구만? 그리고 센텀 해운대 장산에서 찍은거 같은데, 우동으로 돈가져와 해놓고 돈 ..."
관람객,보고있는데 증말 재미없네요 이천원 관람이라서 다행이다
관람객,진짜 재미없어요 너무뻔하고 돈이아까움
관람객,배우분들 연기는 좋았지만 스토리는...
관람객,진짜.. 노잼.. 나는.. 진짜.. 충격적..
관람객,초중반의 몰입도가 끝에와서는 구멍난 현실성으로인해 반감된다. 배우들의 연기는 최고수준.
관람객,연기 잘하네요 다들.. 근데 스토리 너무 구려요. 재미도 감동도 연민도 못 느낌…….. 연출은 모르는 분야라 평하기 어렵지만 특별해보이는 건 없었네요.
관람객,아무리봐도 g80ppl...인듯한 영화..
관람객,처음부터끝까지 어이가없네
관람객,머 주인공 연기가 다햇음
관람객,
관람객,재미도 없고 감동도 없음
관람객,홍길동도 아니고 리메이크를 리메이크라 말을 못하네
관람객,제네시스와 조우진이 다 했다.
관람객,그저 그랬어요 킬링타임용도 ..굳이
관람객,액션은 약간 부족연기는 최고
관람객,경찰이 용의자 동생이랍시고 갑작스럽게 나타난 사람의 신원조회 하나 해보지 않는 게 말이 안된다.
관람객,몰입감도 좋고 배우들의 연기도 잘함ㅋㅋ 착하게 삽니다ㅋㅋ
관람객,"ㅈㄴ 진부한 영화였음… 배우들 연기만 좋았고 진짜 전형적인 한국 범죄영화… 보너스! 댓글알바 구별법 -> 간만에 재밌게 볼 수 있었던 영화, 연기 진짜 좋았네요, 올 여름에 보기 좋은 영화 이 OO의 늬앙스 뿐..."
관람객,솔직히 재밌는지 잘 모르겠음… 답답한 상황들 밖에 없어서ㅠㅠ 배우들 연기만 좋았음!
관람객,어디선가 다 본듯한 클리셰.. ㅜㅜ 별로에요
관람객,조우진님은 진짜 열심히 하셨음
관람객,초반 30분까지는 긴장감도 있고 연기도 볼만했는데 그후부터는 루즈하고 뻔한 스토리에 뻔한감동임. 더 테러 라이브가 백배낫고 연기나 연출 스토리 백배 나음. 광고 오지게 해서 볼만한가싶어서 봤더니 형편 없네. 감상포인...
관람객,현대차 광고네요ㅋㅋ진짜 평점 노이해..알바 푼듯말도안되는 전개에 어이없는 CG까지 총체적 난국
관람객,알바들 극혐이네 이게 어딜봐서 10점 짜리 영화냐 양심을 돈때문에 밥말아먹었ㄴㅑ??
관람객,돈 주고 보는 제네시스 광고라고 해서 각오하고 봐서 그런지 생각보다 광고 때문에 몰입이 깨지거나 과하다는 생각이 들진 않았다.. 다만 약간 개연성이 떨어지는 듯한 부분이나 뻔한 스토리가 조금 아쉬웠다. 조우진 배우님...
관람객,제네시스 광고.. 조우진님 연기랑 지창욱님 목소리 빼고 크게 볼 거 없었네요
관람객,긴장감도 있고 나름 볼만했어요 근데 큰 기대는 하지마세요
관람객,처음부터 끝까지제너시스 광고!
관람객,조우진 연기 넘 잘한다. 스릴넘치는 자동차씬
관람객,
관람객,진부함의 끝. 하… 저혈압 환자들에게 추천. 헛웃음 계속 나옴
관람객,ㅋㅋㅋㅋ진짜 말도 안되는 영화다 아무런 개연성도 없고 억지 스토리 배우들의 연기 또한 너무 티나는 연기지만 이게 배우 탓인지 연출 탓인지 모르겠다 절대 보지 마세요
관람객,내용없음 최악  전반적으로    많이  부족하다
관람객,돈과 시간이 진짜 너무도 아까웠다그냥 현대전시장을 가고말지
관람객,부산인데 부산 사투리 쓰는 사람 2명GV80 멋지다 사고싶다
관람객,초반에 너무 지루하고 재미없음...
관람객,제네시스 광고여도 좋았음....조우진때문에 너무 재미있었던 영화
관람객,배우들 연기는 훌륭 했으나 자동차 광고 보는 줄 알았어요
관람객,좀은 어설픈 스토리와 전개로 결말까지가 아쉽지만 초반의 몰입력과 조우진 배우의 연기는 최고였어요. 신파를 없애고 좀더 쫄깃한 스토리로 가면 더 좋았을... 하지만 킬링타임용으로 나쁘지 않습니다.
관람객,조우진 지창욱 연기는 진짜다. 특히 지창욱 등장씬은 압도당한 느낌 // 다만 제네시스에 너무 집중된 영화? 연기는 10점만점에 10점 연출은 10점만점에 5점 // 연출보다 연기가 돋보이는 영화
관람객,몰입감 좋고 재밌었어요 긴장감과 스릴이 넘치는 영화입니다
관람객,"스피디한 전개, 높은 몰입감"
관람객,제네시스 광고를 왜 돈 내고 봐야하는지그냥 내 돈 개 아까워
관람객,괜찮은 팝콘무비. 조우진님의 연기가 훌륭하다.
관람객,내 인생 최악의 영화… 스릴도 없고 억지감동 끼워넣기.. 차만 신나게 보고왔네요 기분이 나쁜 영화였습니다
관람객,초반엔 몰입되다가 중반부 딸내미가 뒷좌석에선 앞좌석으로 옮긴 후 갑분싸부터 매순간이 억지에다 이 때부터 하품하면서 봄
관람객,조우진님 연기는 좋았으나 내용이 엉성함.1.좌석에서 앉은체로 자세바꾸고 별짓해도 안터지는거 같음 마지막에 책처럼 무게있는걸로 대체할생각은 진작 왜못한거며.2.동생으로 위장한 범인 신원조회도 안하고 경찰도 없이 혼자 ...
관람객,몇시간 짜리 제네시스 광고 잘 봤습니다..돈이 아깝네요.. 경찰이 멍청이들도 아니고  수배차량도 못잡고 저격수라는 놈들은 차도 못맞추고 장난???
관람객,내가 가장 싫어하는 장르 - 한국 신파극. 한국 신파극은 진짜 돈주고 보라고해도 고역임
관람객,그냥 더 테러 라이브 하위버전 보는 느낌이랄까...
관람객,"리메이크인데도 내용적 결함이 너무 많은 영화다, 긴장도 없고 90분대 영화가 왜 이리 지루한가..."
관람객,이게 영화냐 조우진이라는 배우를 이따위 시나리오로 버리기가 있냐 ㅡㅡ
관람객,조우진+조연들 연기력이 오히려 안타깝습니다개연성이 정말 없습니다해안가 근처살면서 딸 대사: 바닷가 오랜만이다?영화 연출이며 진부해빠진 무능한경찰진짜 짜증이납니다이렇게 영화 대충만들고 돈 벌면 좋나영화에선 돈 날린 투...
관람객,뻔한스토리 억지 K-형 액션영화관에서 돈쓰지말구 그냥 한달 뒤 ocn에서 보세요~여자친구한테 미안했읍니다.
관람객,"늘어지는 중반부,,,감독은 연출의 한계를 느끼고,,,ㅠ"
관람객,내용전개 최악 제네시스 광고
관람객,진짜 제네시스 광고임 ㅋㅋ와....제네시스만 눈에보임 ㅋ왜 영화가 이래ㅠ 기대했는데ㅠㅠ
관람객,조우진 와이프와..여자 경찰 연기 왜이러냐..남자경찰 우두머리도 뭔가 어리버리하고ㅡㅡ글고 긴박한상황에 여자경찰보고 아줌마 ㅋㅋㅋㅡ~억지신파 너무많다..
관람객,"주제도 괜찮고 배우들 연기도 괜찮은 편인데.. 드라마 참좋은시절 3인방(김지호,류승수,진경)은 연기를 못하는게 아닌데도 뭔가 겉도는 느낌이 강함.. 차를 타고 이동하는데도 범인이 바로 옆에 있는 수준으로 모든걸 다 ..."
관람객,너무 한국적인 지겨운 영화
관람객,무난한 영화.. 신파란 거 알고 봤지만 스토리는.. 기대이하. 제일 중요한건 애가 축구 계속 할 수 있는지 안알려주고 끝남.
관람객,"내가 한국 여화를 안좋아하는 이유. 영화 처음부터 전개따윈 없는 위기때문에 영화내용을 이해할수 없음. 진부한 스토리와 뻔한 결말, 억지 감동  그리고 고구마. 그나마 배우 연기는 볼만함. //총평: STAY.."
관람객,불교에서는 우리에게 화를 다스리라고 가르칩니다. '화의 씨앗' 에 물을 주면 안된다고 말이죠. 이 영화에서 거기에 물을 뿌릴 줄은 몰랐습니다. 아 그리고 빠방 광고 잘 봤습니다.
관람객,영화 아저씨 이후로 첨 써본다 ㅎㅎ평점이  하도 높아서 넷플릭스 드라마 보다도 못함간만에 졸뻔했다
관람객,영화를 가장한 제네시스 광고. 억지 신파에 눈물대신 웃음만 나옴. 비싼 돈내고 제네시스 광고 보고싶은 사람은 보셈.
관람객,경찰들 혹시 베네수엘라 경찰로 컨셉잡은건가영??
관람객,다음차 GV80사야지
관람객,내가 왜 돈주고 현대차 광고를 봐야하냐???넷플도 광고가 없는데 진짜
관람객,GV80 광고를 94분동안 보고온 느낌ㅋㅋ
관람객,예고편만 봤을 땐 와 이거 진짜 재밌겠다 싶어서 본 건데 딱 예고편에 나오는 내용만 재밌고 그 뒤로는 캐릭터들이 하나같이 다 멍청함. 보면서 열불 터졌음. 아니 이걸 이렇게 한다고??? 마음 속으로 몇 번이나 외쳤는...
관람객,뻔해요ㅜㅠ신파고.... 비추
관람객,"전화 걸려오는 순간부터 끝나는 순간까지 지창욱배우의 목소리 연기와 조우진배우의 현장연기가 진짜...시간 가는줄도 몰랐어요ㅠ그리고 폭파범(지창욱)이 나쁘긴 하지만 그 눈에 서사,개연성 뭐 다 들어있어서 분명 나쁜놈이라..."
관람객,참나...어떻게 30년전에 나온 '스피드'가 더 완성도있냐???
관람객,"참신한 소재 ,진부한 스토리, 뛰어난 연출, 조우진 캐리.  딱 킬링타임용인듯. 시간이 지나면 평점은 8정초반 정도로 형성될듯!"
관람객,조우진배우님을 또 한번 돋보이게하는 영화
관람객,배우들의 연기만으로도 볼 만한 영화에요조우진과 이재인 아버지와 딸의 감정선도 좋았구요 조우진과 지창욱의 대립도 팽팽합니다 굿굿
관람객,ㄷㄷ 조우진님 연기가..
관람객,재밌게 잘 봤어요.시간순삭~지루할틈 없는 연출이었고 배우들 연기도 좋았습니다.범인목소리가 너무 좋다하면서 봤는데 얼굴은 더 좋아...ㅋㅋ
관람객,조우진 배우 첫 주연 영화축하드립니다긴장감 있고 재밌네요잘봤습니다
관람객,조우진배우의 연기가 정말 좋았습니다 90분 동안 지루하지 않게 봤어요!
관람객,개연성 없는 전개가 극중 내내 계속되서 몰입이 안되네요
관람객,조우진이라는 배우는 조연으로 봤을때도 매력있었지만 주연으로도 손색이 없는 배우다.영화를 보는 내내 그의 연기력이 돋보였음. 애기들도 연기 너무 잘함
관람객,뭔가 좀 아쉬운영화 스릴러가 반복되는 장면이 좀 더 있으면 좋았겠다 하는영화 스릴러나올 타이밍에 시간이 질질끄는장면이 있어서 답답했음 그거빼곤 나름 볼만한영화
관람객,"솔직히 어디서 많이 본 스토리라고 하더라도 그 스토리자체가 탄탄하고 배우들의 연기력, 특히 주연 조우진의 연기는 정말 미쳤다 조우진이라는 배우도 단독주연이 가능하다는것을 알려주는 영화, 그리고 부산에서 펼쳐지는 차량..."
관람객,런닝타임 순삭ㅋ 생각보다 더 재밌게 봄
관람객,지창욱만 기억에 남아있음..
관람객,편집이 진짜 짜릿해서 영화가 전혀 지루하지가 않네요. 원작이 있는 걸로 알고 있는데 한국영화관객에 맞게 각색도 좋고.. 차량 내부라는 한정적인 공간에서 최대한의 액션을 이끌어내서 연출적으로 너무 좋았습니다! 조우진 ...
관람객,"뻔한 스토리 클리셰에 뜬금없는 대사 = 노잼 웬만한 한국영화 재밌게 보는 편인데, 배우들 연기 때문에 참고 봤다 똑같은 설전을 몇번이나 하는지.. 컷 낭비 아닌가 돈부터 줘 vs 병원부터 가자 만 열번은 들은듯"
관람객,돈주고 제네시스 광고만 보다 온 기분.. 재밌다그래서 기대하고 오랜만에 본건데 완전 망한 픽...내용이 주는 감동도없고; 착한사람만 당하는거니까 더 짜증남..^^
관람객,이게 어떻게 8점대가나오는영화지 제네시스광고라는게 더 현실적일듯
관람객,OOO기같은 영화를 만들었네 제작비가 없으면 만들지를 말던가
관람객,조우진 연기는 좋으나 스토리 개노잼 억지 슬픈장면 헬기장면 대박
관람객,억지감동만 주고 개연성 하나도 없고 보다가 다 나가는 답없는 차광고영화 배우낭비
관람객,왜1위일까돈너무아깝다 진심..뭐지?
관람객,여기 평점보고 속아서 영화보고 억울해서 나도 남기려다가 솔직해져 봅니다. 핵노잼 도망가..열심히 연기한 배우들 생각해서 별 하나는 드려요
관람객,아니 진짜 왤케 답답함?동생인지 확인도 안하고 들여보내고 조우진이 범인인지 확실하지도 않은 상황에서 딸내리면 총 쏘려하고 조우진이 범인이 아니고 범인 말따라 행동하는걸 알게 됐는데도 경찰은 차 세우라면서 자기네 맘대...
관람객,알바 평점에 속지 마세요중간에 보다 나왔습니다코로나 시국에 영화보다 나오긴 처음이요믿지 못하실 분들은 꼭보세요바닷가 장면에서 뛰쳐나올꺼에요그래도 영화 만드신다고 스탭 출연자 모두 고생하셨어요
관람객,재미없습니다. 왜이렇게 평점이 높은지는 모르겠는데 처음부터 끝까지 등장인물부터 스토리까지 답답해 미칠거 같았습니다. 탄산음료 안사갔으면 중간에 나갔을듯하네요.한마디로 고구마 100개 먹은듯한 영화입니다.
관람객,너무 별로에요....
관람객,답답한 내용 싫어하시면 보지 마세요개연성도 너무 떨어지고 몇몇 역할들은 왜 있어야 했는지도 모르겠습니다...제네시스는 멋있네요
관람객,낚였내 평점짜증난다진짜
관람객,오늘 동래cgv에서 보고왔음. 리메이크작인건 나중에 알았고 기대쪼금 했는데 별로네요. 카체이싱도 그냥 무조건 달리기만 하면 카체이싱 인가요?긴장감 하나도 없고 용의자가 동생이라고 속이고 만나는장면도 여친하고 보면서 ...
관람객,"알바 개많네 영화 스토리 코미디시간 아깝고사실 메시지는 우리나라 경찰의 무능함을 꼬집은건가ㅂㅅ은 감독이 펀드에 사기 당하고, 나도 감독한테 사기 당했다"
관람객,차 광고도 아니고 관객들 기만하는 수준
관람객,제네시스 광고 치고 너무 길다
관람객,너무 뻔함. 다음 대사가 뭔지 다 예상됌.
관람객,더럽게 재미없네 긴장두  없고 암것두  없네
관람객,영화 끝나고 생각나는건 제네시스 그리고 조우진 연기…내용은 흠….
관람객,조우진 연기력 보고 5점.. 애들 연기 때문에 집중 안됐음..
관람객,"연기 빼고, 쓰레기 그 자체.중2때 세상에 환멸을 느끼고 쓴 것 같은 개연성 없는 스토리."
관람객,대략 줄거리 유추 가능하나 억지 감동 요소가 있음… 개연성 있는 듯하나 개연성 없음 배우분들의 연기로 끝까지 봄
관람객,몹시 눈물을 억지로 짜내려는 스토리
관람객,아~~~~진짜  짜증난다?
관람객,
관람객,"제네시스 광고인줄 GV80 PPL말고는 기억나는거 없음, 스토리 뻔함 예측 가능 감동도 없고 스토리도 없고 그냥 아 제네시스 광고구나 조우진이 나오는구나 정도.."
관람객,암걸려요 으윽 으윽 어우 ㅠㅠ으윽
관람객,영화는 개연성이다 ..그러므로 이 영화는 0점 경찰의 포위를 뚫고 테러범수준의 범인이 도심한복판에서 어디로 도망간다고? 또 동생인지 확인도 안하고 범인하고 만나게 해준다고?경찰이 범인옆에서 따라가면서  육성으로 부른...
관람객,거지 같은 한국의 현실을 그대로 보여준 영화. 왜 약자만 고통받고 약자만 처벌받고 약자가 악인이 되어야 하는가
관람객,영화가 뭘 말하고 싶은지 모르겠음한줄요약-코스모스가 갑이였다
관람객,폭팔물 용의자(가 아닌 피해자)가 특정됬다고쳐. 용의자 동생(이라고 주장하는 진짜 범인)인 민간인이 경찰 작전이랍시고 폭팔물과 함게 있는 그 용의자에게 자수를 권하러 갈때 이건 아니다 싶더라
관람객,이걸 영화라고 만들었다니.. 조우진 배우님과 남자아이 역할 배우님 연기 잘하시고 나머지는 별로
관람객,소재는참신... 돈은 좀 들인듯한데ㅋ 쥐어짜듯 말안되는데 스토리 개연성! ㅋ완전 고구마 영화! 글고 억지 눈물 쥐어짜개 하지말자에휴 !은행다니는사람은 봐라
관람객,하... 정말짜증나고 재미없는스토리...
관람객,처음으로 영화보면서 담배피러 나갔다옴
관람객,연기자의 연기가 정말 좋았음근데 스토리가 너무 별로임스토리보고 이해 가능한 진부적인거는 고사하고 중간중간 도대체 왜? 라는 의문이 드는 장면들이 있음일단 해안가에서 범인이 주인공동생인첟하녀 경찰을 통해 가까이 간게 ...
관람객,몰입감도 없어 내용도 없어 뭐 평점중에 음악이 좋단 댓글도 있던데 뭔… 마지막에 신파로 감동씬 우겨넣는 장면에서 노래 딱 나오는데 아~ 돈아깝단 생각만 들더라…글고 우리나라 경찰 무능력한건 몇OO째 유행이냐… 액션이...
관람객,신파만 조금 줄였으면 더 좋았을뻔 했네요~! 조우진님 연기는 말할 필요가 없이 좋았고 지창욱님 연기변신 괜찮았어요
관람객,조우진 배우님 연기 대단하십니다 증말
관람객,배우분들의 연기가 뛰어나서 몰입도 있게 봤어요
관람객,조우진 연기 정말 좋았네요 굿굿
관람객,1점도 아까운 영화 내용에 대한 허점이 너무 많음 이게 평점이 높은 이유도 모르겠고 알바인가의심 될 정도 절대 보지마세요 영화 보는 내내 화가 났습니다 감독은 당장 은퇴 ㅎㅏ는거 추천
관람객,감독 차 어딨냐 그 차시트 밑에 폭탄 설치하게 영화 보는 내내 감독 욕만 나오더라 조우진 연기 빼곤 그저 암덩어리 영화
관람객,감독영화 만들지마라 너무했다 ㅋㅋ 내가 만들어도 이것보단ㅎㅎ
관람객,진짜 올해본 국내 최악의 영화는 발신제한이고외국 최악의 영화는 분노의질중 더 얼티메이트 이다
관람객,차 광고 본 거 같아요 뻔한 스토리 + 현실적인 이야기 없음 + 긴장감 없음 +재미없음 역시 이런 영화에 진경 씨 안 나오면 한국 영화가 아니죠.. 네..
관람객,야 알바새키들아 양심도없나 이런OOO가10점이라고?
관람객,갓 조우진  미쳐따♡기대주
관람객,영화는 리메크작이라 그냥 평범합니다. 단백해서 좋았습니다.조우진이라는 배우가 왜 이제야 주연을 맡은건지..진짜 연기하나는 정말 최고입니다. 조우진 연기 때문에 10점 주었습니다.
관람객,짜릿한 긴장감 시간순삭 조우진 연기 굿
관람객,조우진 배우님 연기도 좋았지만 지창욱 배우님의 목소리와 연기가 극 내내 몰입하는데 제대로 한 몫 했내요.
관람객,음악도 속도감있어서 좋았고 감동도있어서 좋았어요♡
관람객,"코로나 이후 오랜만에 관람한 영화...부산 도시 배경,  특히 배우분들 연기가 안정적이고 너무 좋음  강추"
관람객,90분간 진행되는 차 안에서의 점입가경 스릴러
관람객,그냥..보세요 킬링타임용으로 최고임
관람객,긴장감도 꽤 높고 재밌어요!
관람객,조우진씨 연기가 돋보였어요.결말은 살짝 아쉬우나 완성도 있는 스토리를 위해서라면 러닝타임은 더 필요할 것 같더라구요.대신 속도감 있는 전개로 지루하진 않으실 거에요.
관람객,오 졸라 생각없이 봤다가 재밋누
관람객,간만에 좋은 한국영화 봤습니다.쫄깃한 장면들. 눈물나는 장면들. 아역들 연기도 좋았구요.조우진 배우님 연기는 진짜 최고에요영화보는내내 즐거웠네요 ^^
관람객,이거 정말 재미 없어요 보지마세요
관람객,연기도 연기지만 너무 슬퍼요
관람객,아쉬운 스토리 그러나 연기는 매우 좋았다.
관람객,재미도없고 감동도없고
관람객,최악굳이 블루투스를 껴야쌨는지아이 다리는 왜 다쳤는지요철 지날때 덜컹거릴때 등 몇번은 터졌을테고신원 확인도 안한다
관람객,조우진 연기에 숨 안쉬어짐 ㄹㅇ...
관람객,심장 쫄깃한 스릴러 영화였네요 배우님들 시너지가 장난 아닙니다
관람객,"조우진님 첫주연영화라 보러 갔는데 배우분들 연기 외에는 추천할 요소가 없었습니다. 자동차가 너무 과하게 나오고,(스토리상 많이 나올 수밖에 없지만, 흔한 자동차cf로 착각될 정도로 카메라무빙 등의 연출이 너무 별로였..."
관람객,긴장하며 몰입해서 봤다. 조우진 연기 와우! 딸도 연기 잘하네. 지창욱 등장씬에 숨멎. 잘 버무러진 영화. 볼만하다
관람객,아침9시부터 평점남기는 알바들은 뭐야 ㅋㅋ 오늘 저녁에 보러갑니다오전에 올라오는 평점들은 믿고 거르세요
관람객,이 긴박감 짜릿해 ㅠ 오랜만에 스릴 넘치는 영화였음
관람객,한가지 의문... 애기 다리 도대체 왜 다친거래요??;;;
관람객,보는내내 지루하기 짝이 없었다
관람객,조우진님 연기빼고는 정말 노잼
관람객,부산 지리를 잘 아는 사람이 보면 답답한 영화
관람객,자동차 광고 .. 긴장감을 억지로 느끼고싶었지만 그닥 느끼기다 힘듦 ㅜㅜ
관람객,폰부스 표절영화.  그 이상 이하도 아님
관람객,뭔 내용이었는지 모르겠음
관람객,와 정말 잘봤습니다.영화의 절반 이상이 제네시스 광고이더군요.그리고 뻔한 신파에 반전없는 스토리 라인.다른건 몰라도 제작비는  확실히 안 들었다는 걸 알겠습니다.이 영화가 왜 평점이 높은건지 알 수 없군요....
관람객,연기가 좋은들 흘러가는 스토리가 발암인데 집중이 될 수가 없음. 너무 시간과 돈이 아까웠고 보고 나서 기분도 안좋은 영화
관람객,"치졸한 인질극, 어리버리 경찰"
관람객,전 재미없없음ㅜㅜ 경찰들 연기 너무 어색하고조우진 다음으로딸로 나오는분이 연기를 젤 잘한거같음콰이어트 플레이스 볼걸 후회함
관람객,
관람객,한국영화의 수준이 한단계 레벨 다운 된듯한 느낌을 받은 영화. 기대가 커서였을까. 드라마 한회차의 감동과 재미도 않되는 영화였다. 비밀의 숲. 철인왕후. 괴물 등 드라마 한 회차보다도 못한 스토리와 연출과 전개. 그...
관람객,뻔한 한국판 신파물 이젠 신물난다
관람객,지루해도 너무 지루하다
관람객,94분동안 스트레스 받는 경험은 처음이다. 더테러라이브는 명작
관람객,별점주기도아까워요 보지마세요
관람객,"정말 진심으로 영화 봐도 되고 안봐도 상관없지만 본사람으로서의 관점으로 말씀드리자면 안보는걸 추천해드립니다 진짜 진심입니다 그냥 여기까지 할게요 궁금하면 보셔도되는데 14,000원 요즘 영화관 티켓값인데 싼거 아니자..."
관람객,개연성 제로. 억지로 끼어 맞추려고해서 더 어색함
관람객,핵 노잼 보는 내내 재미없다
관람객,말도 안되는 전개 최악;;경찰이 신원확인도 안한다고?ㅋㅋㅋㅋ
관람객,"해운대 시퀀스 전후로 말아먹는 개연성엑스트라들을 포함한 단역, 조연들에 대해 어떤 디렉팅을 한 것인지 의심스러움성의 없는 영상 돌려막기(특히 해운대 구경꾼들을 둘러보면서 누가 범인일지 의심하는 부분에서의)뻔하디 뻔한..."
관람객,예고편이끝임 별한개도 아깝다 삼류영화 ㅋㅋ 진차 최악
관람객,제네시스광고냐 이거ㅋㅋㅋㅋ
관람객,누누어어어ㅏ아아으으아앙
관람객,광고찍냐? 어설픈 cg에
관람객,맨날 틀로 찍어낸듯한 영화~ 틀로 찍어낸듯한 댓글알바~ 지겹다 지겨워 너네는 쿼터제 덕분에 살아있는거야 반성좀하자..질떨어진다
관람객,와..씨빠...알바생 몇명 풀은거냐? 이 영화 보고 감독 새끼....자동차 밑에 폭탄 설치 하기로 마음 먹었다....졸라 억지 감동...테러범이 백인 혼열 존잘.이냐? 그걸 동생이라고 하고 ㅋㅋㅋ  감독 새끼.백퍼....
관람객,돈주고 보기엔 아까운 영화
관람객,기대 이하의 액션.  보면서 고구마를 먹은 듯이 갑갑해서 스트레스 받음.
관람객,새로생긴 영화관에 누워서 가져온 담요 덮고 제네시스 구경만하다 잠든듯…어이없어서 웃김 사람은안보이고 제네시스만보임
관람객,"플롯이 너무 작위적입니다, 앞에 내용 하나도 이해 안 가다가 결말보고 그으으으나마 약간 납득이 갈랑말랑 하는 정도인데 그 결말도 요즘 세태에 큰 관심사니까 노려서 찝어넣은건가싶고, 일단 cg가 굉장히 심각히 별로고 ..."
관람객,제네시스만 계속 보여주고 결말이 좀; 뭐 영화감독 불완전판매 피해자세요?? 구성이 빈틈이 너무 많고 비현실적인 부분과 조연 발연기... 그냥 조우진 연기랑 제네시스 이뻐서 그나마 3점 드림. 코로나시대에 거금 140...
관람객,"1시간 30분짜리 GV80광고영화 시간때우기용, 그 이상 그 이하도 아님배우 연기력으로 캐리하기엔 연출력, 스토리, 개연성 부족"
관람객,하.. 조우진씨 연기는 좋았지만 스토리 매우 지루하고 개연성도 부족.. 요즘 티켓값도 14000원인데 정말 진정으로 돈아깝다.. 이런 영화만 나오면 한국영화 기피하게 될듯..
관람객,제네시스 광고 + 은행 비판 + 조수석 에어백 안터지는 제네시스 비판
관람객,엉터리 시나리오 ㅎㅎㅎ
관람객,코로나때문에 어차피 안볼거 필모그래피라도 채워야겠다 하고 만드신건가요.. 쪽대본 영화 잘 봤어요..
관람객,현대 자동차 제네시스 gv80자동차 광고 영상만 보다가 온 느낌....영화 안 본 분들께는 죄송 하지만 결국엔 책 한권을 핸들과 의자 사이에 껴서 살 수 있던 걸 왜이리 질질 끈건지도 도무지 이해 안감 걍 제네시스 ...
관람객,연기잘하는 배우들 데리고 딱 이정도 각본이라니....너무 뻔하고 말도안되는 장면들이 수두룩함 중간에 뜬금없는 억지감동 연출은 덤 다만 배우들 연기와 부산 시내를 배경으로 한 액션신은 볼만함
관람객,진짜 모든 한국영화 클리셰가 들어가있네요...중간에 딸은 아빠두고 안간다고하다가 폭탄장치 활성화 시키고 갑자기 딸하고 영화애길하지않나..진짜 비추...
관람객,한편의 제네시스 광고를 보고싶으신가요? 이영화를 추천합니다
관람객,이 억지 스토리에 몰입해서 연기를 하다니..얼마나 힘들었을까...
관람객,평점 알바개많네... 진짜 개.쌉.노.잼 보다 졸았다 진짜 ...스토리는 말할것도 없고..내가 각본을 써도 이것보단 재밌을듯 ..
관람객,연기력이 아깝다진작에 책꼽고 내리지 그랬냐...
관람객,진짜 제작비 연출수준이 진짜 보는내내 보기싫었습니다. 돈이아까운게 아니라 본 내눈이 더아까워요
관람객,무슨경찰이 용의자가족이라고설득시킨다고 용의자가족인거확인도안하고보내달라고보내나ㅋㅋㅋ
관람객,은행 센터장 나올 때 부터 모든 스토리 예상
관람객,기대를 하지 말고 보셔야합니다.
관람객,신파는좀..그만합시다
관람객,분노의 질주 따라 하고 싶었나보다...정말 간절하게 따라하고 싶었나보다...그러나...ㅠ
관람객,영화보는 내내 답답해서 죽는줄알았다.뻔하고 개연성없다. 마무리까지 실망스러웠다. 한국 배경으로 어울리지 않은 연출과 스토리...
관람객,이게 진짜 재미있다고? 신파쩔고 주인공 갑분싸 정의의 사도되는 전형적인 억지눈물 짜는 스토리
관람객,"? 진짜 댓글 처음적는데제가 보통 영화봤을땐 거진 잼따고 하는데ㄹㅇ 이영화는 뭐가 재밌다는지;;;진심 보는내내 지루했고 시간아깝고 집가고싶었고그렇게 큰 반전도 없고, 사람 말하는거 보다배경음악이 더 커서 뭐라말하는지..."
관람객,스토리가 최악....
관람객,100분짜리 GV80 홍보영상
관람객,연기는 좋았지만 아니 그걸 왜? 하는 화나는 전개가 많다.
관람객,유사도 99.999% 더 테러 ‘드’라이브
관람객,글쎄요  조우진이랑  아이들  연기는  기억에  남는다만  재미는  별다른  내용도없고   그저그렇고  리클라이너로  편하게  봐서그런지   잠올뻔  ㅋㅋㅋ
관람객,폰부스 열화버전 신파는 덤으로
관람객,
관람객,진짜 뻔하고 답답… 돈낭비했다
관람객,감동도 없고 스릴도 없고..
관람객,지루하고 차 광고같애여
관람객,"1. 일단 이런 장르 매우 좋아라 하는데.. 정말 스토리, 연출  정말 엉성합니다.2. 김지호님 중간에 고구마 먹입니다.. 짜증나는 포인트3. 조우진님 주연 혼자 끌고 가기엔 주연이 가져야할 무게감이 못미칩니다.영화..."
관람객,광고영화냐?ㅎ 그저그렇다
관람객,진짜 그냥 어쩌라는 건지 모르겠는 영화 ..연기와 영상미는 너무 좋은데스토리가 너무 그냥 ....아무리 볼 게 없어도 안 보는 거 추천 ㅠㅡㅠ
관람객,장르를 위해 스토리가 끌려간다.
관람객,조우진의 연기는 좋았으나 연출이 너무 아쉽고 스토리도 뻔합니다. 개인적으로 이 영화는 더테러라이브랑 완전 똑같다고 봅니다
관람객,스토리는 출발 비디오여행에서 나온거랑 별다를게 없고 조우진 연기가 영화를 살림. 그리고 현대에서 제네시스 협찬 주고 얼마  받았을지 궁금하네요^^;
관람객,조우진 배우의 나 혼자 했다.지창욱 배우의 부족했던 악역.
관람객,예고편 그대로임 그냥 그럼
관람객,신파 신파 신파 그놈의 신파 신파 신파한국영화는 신파없으면 못만드냐?
관람객,주인공 차 : 현대차아내 차     : 현대차경찰차      : 현대차그냥 한시간 반짜리 현대차 광고보고 나온기분부족한 스토리에 더해진 광대토대왕급 CG
관람객,추격전까지만 재밌음.
관람객,기대보단 별로.. 긴장감 떨어지고 추격씬도 그닥....극장가서 보긴 그렇고 집에서 심심할 때 한 번 정도 보기엔 나름...
관람객,조우진님 연기가 대단해요..!
관람객,아쉬운 부분들도 있지만 나름 볼만해요
관람객,영화를 별로 본적없는 10대20대 애들에겐 신선할 수 있는데.. 영화를 많이 봐 온 30대40대가 보기엔.. 수준 미달이다
관람객,"어떻게 이런 영화가 평점이 8점대 인지,,, 일단 스토리 자체가 너무 실소를 짖게 합니다코로나 상황에 정말 오랜만에 와이프랑 영화관을 찾았는데, 후반부에는 아에 핸드폰만 보고 있네요,,,"
관람객,각본가 제정신이냐? 아니 그래서 부지점장의 당차고 아름다운 와이프는 왜 폭사시킨건데. 범인 와이프 중한 줄은 알고 남의 와이프는 유기물 덩어리야? 하루하루 열심히 살아가는 편의점 알바생은 왜 폭발당한거고?감성쟁이 주...
관람객,스토리가 너무 재미 없고 시간이 너무 아까웠음ㅜㅜ
관람객,보는 내내 고구마 오백개 먹어서 답답해서 죽는 줄 알았자나.... 사이다 주세요...
관람객,새로울 게  일도 없는 영화...이 분은 감독은  다시 하지 않았으면 합니다
관람객,제발 보지마세요ㅠㅠㅠㅠ
관람객,"조우진 연기, 음악, 감동, 부산의 배경 특히 좋았다!"
관람객,고구마 스토리지만 나름 긴장감도있고 시간 때우기 적당한 영화
관람객,조우진 연기에 시간가는줄 모르고봤음
관람객,뻔한 과정과 결말이지만 스릴넘쳐서 재밌었어요. 조우진 배우님 개인적으로 좋아하는데 연기도 좋았어요.
관람객,"초반엔 조금 GV80 광고...근데 후반으로 갈수록 조우진이랑 나머지 주연배우분들 연기력이..와.. 차안에서 어떻게 그런 연기력을 펼칠수 있는지..자동차만이 보여줄수 있는 스릴러,액션감까지.. 빠른 전개와 액션 스릴..."
관람객,이재인 눈물연기 압권!!! 카체이싱 압권 !!! 조우진 믿고본다!!!
관람객,영화감상평 원래 진짜 안남기는데 정말 별로였었어서 남김 그냥 자동차 광고 같고 배우분들 연기는 참 좋은데 스토리가 너무 ....
관람객,원작이 있었지만 우리나라 실정에 맞게 잘 연출된것같아요~배우들의 연기는 최고였고 범인의 상황들이 마음에 와 닿아서 마음이 아팠네요ㅜㅠ
관람객,별 기대없이 본 영환데 꽤나 꽪잖았어요. 사회적인 이슈 + 가족애+ 조우진의 연기가 나름 3박자를 이루어서리.
관람객,주연배우가 몰입감 장난하니게 연기하네요 딸이랑 얘기하는거보고 눈물남..긴장감 있는 영화였어요 퇴근하고봐서 졸릴줄앙았는데 잠깸 지금 차타고가는데 왜캐 무섭죠? ㅠ
관람객,"우선은 너무 잘 관람 하였습니다. 다른 분들에게도 추천하고 싶습니다.주연 배우들의 연기, 아역 배우 해인 양의 연기, 모두가 영화를 시청하는 데에 있어서 방해가 되지 않았습니다.영화는 물 흐르듯이 자연스러웠습니다.기..."
관람객,생각보다 더 재미지고.  스피디합니다.그리고..맘이 아픈영화
관람객,아디서 본듯한 스토리와 제네시스 광고같은 느낌.. 재미는 있었습니다!
관람객,제목부터.. 포스터만 봐도 모든 내용이 예측가고 결말까지 눈에 그려짐 볼거 없어서 봤는데 그저 그런 뻔한 스토리의 CJ감성 신파영화 차 폭발할때 한번 빼고는 긴장감도.. 박진감도 안느껴지는.. 정말 무표정으로 봤어요...
관람객,조우진 연기 너무너무 체고고 몰입도 잘 되었습니다
관람객,라며~ 댓글알바분들이 여을씨미 낚시댓글을 답니다.
관람객,스토리 부분에서 조금 아쉬운점이 있었지만 배우분들 연기력이 너무 좋아서 재밌게 보았습니다.
관람객,빠른 전개와 배우들의 실감나는 연기에 시간 가는 줄 모르고 봤습니다
관람객,간만에 영화다운 영화 봤습니다~조우진님 연기 역시 최고!! 마지막까지 긴장감 쫄깃쫄깃 꼭!! 보세요 후회안합니다~^^발신제한 대박 기원!!♡
관람객,"돈 아까운 영화. 스토리 전개도 말이 안되고, 공감도 감정 이입도 안됐다. 중간에 나가고 싶었다."
관람객,와 이거는 정말 뜻깊은 영화다
관람객,개똥영화 이거 볼시간에 딸 한번 더침
관람객,역시 믿고 보는 영화 너무 재미있었습니다 이런 스릴러 너무 환영해요 잘 봤습니다
관람객,오랜만에 손에 땀을 쥐게 만드는 작품이었습니다! 몰입감 최고!!
관람객,거짓말 아니고 1시간 좀넘게 보다 지금 극장에서 보다가 뛰쳐나왔습니다. 완전 최악 쓰레기 영화입니다. 주인공 딸은 암유발 빌런이고 아무 개연성도 없고 억지구성입니다. 돈 아깝고 시간 버림. 딸이 말 안 듣고 앞자리 ...
관람객,걍 영화제목을 GV80 이라고 하지 무슨 광고 찍나 구도 자체가 진짜 광고랑 다른게 없음긴장되는 순간에도 웃겨가지고 걍 부딪혀도 손상되지 않고 차를 와리가리 해도 안전성있는거도 좋은데 마지막 장면 에어백은 좀 심했다...
관람객,연기는 최고입니다 근데 말도 안되는 설정에 연출 영화라고 가정해서 보라고 해도 암걸리고 스토리도 최악이네요 그나마 배우님들 연기로 엉덩이 붙이고 간신히 봤습니다 만약에 볼까 고민되면 보지않는거 추천드립니다 극장에서 ...
관람객,그냥 영화 퀵을 오토바이에서 자동차로 바꾼내용 시간낭비 돈낭비짜증남만..
관람객,투자 대비 영화 잘 뽑음. 적은 제작비로 연출을 잘 살림. 어떻게 보면 아빠 연기가 과장되게 보일 수 있는 부분을 딸이 실제상황처럼 보이게 잘 잡아준듯. 아빠 생각하며 딸 울 때마다 감정이입ㅠㅠㅠㅠ
관람객,부산배경인데  부산말  거의 안나옴.
관람객,이건 뭐 재미없다 수준을 넘어서서 현대차광고랑 부산 관광 홍보 영상이냐표값과 이 영화를 본 시간이 아까운 영화
관람객,"웬만하면 영화 그냥 보는데, 이건 재미없는 정도를 넘어서 보면서 계속 화가 나고 답답함. 너무 못 만든 정도를 넘어서 이런 스토리로 영화를 만들 생각을 한 제작진과 제작사에 화가 남. 조우진 연기가 아무리 좋았어도 ..."
관람객,진짜 ㄹㅇ 차광고.. 이해 안가는부분 핵 많고...그냥 볼꺼 없어서 본거지..뻔함.. 내용도.. 근데 개연성도 없고 그냥 끼워마추는..
관람객,"연출은 말할 것 도 없고... 긴장감 1도 없는 예고편이 다인듯, 브금 또한 긴장감 없는 상태 한몫조우진 배우님이 연기는 잘하시나 아직 주인공 급은 아닐듯.. 역시 억울하고 답답한 연기는 이선균 이지."
관람객,클리셰 덩어리 결말이 예상한 그대로였음
관람객,그냥 약간 긴장감있고 연기잘하는 조우진의 제네시스 광고 언플 왜캐 많은지 몰것ㄴㅔ요
관람객,"와...영화 시작한지 10분만에 나가고 싶어지는 영화는 또 처음이네 ㅡㅡ... 참으며 보다가 결국 중간에 그만보고 영화관 나왔네요! 등장인물들 전부 답답해서 암 걸릴 것 같고, 연기력 진짜 못 봐줄 정도로 어색......"
관람객,제네시스 GV80의 멋진 광고를 보고싶으시다면 추천
관람객,"얼마전까지 해운대에서 직장생활을 하면서, 이영화 찍을때도 그곳에 있었기때문에 이영화를 보러갔다. 일단 한국영화 예전보다 많이 볼만하구나, 생각도 했지만, 스토리상 먼가 억지스럽고 , 세밀하지못한느낌을 받았다고 해야되..."
관람객,어지럽고 울렁거림 중간에 나옴
관람객,스토리는 단편 영화급으로 거의 없는 편이고 영화 처음부터 끝까지 신파극이 이어짐. 불편할 정도로 경찰을 무능하게 그리는 것도 덤. 배우 연기만 볼만함
관람객,레트리뷰션 등장인물만 바꾼 ㅔㅔㅣㅡ광고영화
관람객,감동X 소재가 너무 구림. 조우진배우 연기 잘함.두번은 안볼듯.  제네시스 사고싶다
관람객,진짜 재미없네요.. 몰입도 안 되고 어디서 봤을만한 장면들도 많고 뜬금 없는 장면들이 너무 많네요
관람객,"진행 스토리 괜찮아요   주요내용,PPL 진짜 벌루.특히  제니시스 광고 인지 영화인지  전혀 구별 안될정도로 제대로 몰입감 방해.결론 좆기업이 영화를 망치네."
관람객,자동차 광고 영상인줄..  영화내내 자동차 풀샷이 곳곳에 들어가서 자동차 광고로 오인될 소지가 있음영화끝나고 차만 생각나는?!
관람객,내 돈 내고 제네시스 광고 본 기분
관람객,아들 다리 다친거나 친동생 나올때 뜨악함 제네시스는 홍보많이 될듯 ㅋ
관람객,진짜 답답하다 평점 알바들 진짜ㅋㅋ
관람객,재미와감동 둘다없습니다
관람객,뻔한 클리셰 신선한 이야기라.. 마지막에 잠깐..? 결말을 끝까지 짓지 못한 영화 배우들의 연기는 좋았지만 스토리가 매끄럽지 않고 몇가지의 뜬금없는 포이트들이 있음 스토리 때문에 재미 없음 배우 연기는 진짜 훌륭했으...
관람객,진심으로 충고드립니다 보지마세요 제발....
관람객,스페인영화 레트리뷰션을 리메이크해서 애초에 기대가 없었음. 원작영화는 그래도 볼만했었는데...
관람객,"뻔한 스토리, 한국 액션 영화의 한계인가..?"
관람객,전라도에서 걸려온 한통의 전화 슨상님 계신 그곳으로!
관람객,배우 조우진님의 연기 덕분에 0점 면한 줄 알기를!
관람객,디지털 방수폭탄에서 집에 갈 준비 했음
관람객,보는 내내 너무 답답함ㅜㅜ 보다가 암걸리는줄 자동차 액션씩은 좋았으니 어이없는 장면들이 좀 많아서 헛웃음 나옴
관람객,그냥 재미없어요...
관람객,"한국영화의 수준을 떨어뜨린 영화. 영화광은 보지 마시길. 중간에 나올 수도 없고 괴롭다. 폭단맞은 차가, 상처입은 아이가, 마지막 억지 춘향 딸아이가 영화관을 뛰처 나오게 한다."
관람객,콰이어트플레이스2가 더 잼나네
관람객,와 개연성 1도없고 배우가 아까움
관람객,"영화는 재밌네요 ㅎ;; 근데 다음부턴 촬영할거면 예의를 좀 갖춰주세요... 스탭인지 감독인지는 모르겠는데, 저거 촬영할때 제가 해운대에서 놀고있었는데 다짜고짜 오셔서 핸드폰 달라고 하셨죠?? 사진 찍지도않았는데 촬영..."
관람객,제네시스 사고싶다ㅡ 진지하게 고민한 2시간
관람객,GV80 광고영상인줄요.... 개인적으로 스토리는 너무아쉬워요.. 배우 연기는 좋았는데..너무 개연성이없었음요... 갑자기 꼬맹이 다리가 다치질않나 .. ; 악역도 임팩트도없고... 그냥 제네시스 광고라 했으면 칭찬...
관람객,
관람객,진짜 코로나 아니였으면 인기 훨 많았을 듯 ㅠㅠㅠ진짜 재밌게 봤어요
관람객,오랜만에 정말 재밌게 본 영화 였습니다나중에 또 보려고 하네요좋은 영화 감사드립니다
관람객,암걸린다 잘생각해라 큰일난다
관람객,
관람객,그냥 좋았습니다! 기대이상이었구여 배우님들의 연기도 돋보여서 즐거웠네요??
관람객,
관람객,나름 재밌게봤음 일단 연기구멍이없음... 딸래미 연기왜케잘함
관람객,제네시스는 둘째치고 가족들 발암...차문 날라가도 총알피하고 소음없는 제네시스질질끄는 상황에 .. 감동은 커녕 몰입도 안됨시간아까움킬러의보디가드보세요^^
관람객,혼자 영화관에서 봤는데 진짜 너무너무 재밌게 잘봤어요ㅠㅠㅠ제가 다 긴장되고 슬프고 하네요 다들 꼭보셨음해요!!
관람객,제네시스 광고 잘 봤습니다…개연성도 없고 돈날리고 시간낭비ㅋ
관람객,연기는 좋다 그거뿐인영화 개연성이고 나발이고 아무것도없다
관람객,폭발물 스릴러라 스토리는 뻔하지만연기 짱이고 스릴러 넘치고 약간의 교훈과 감동 느끼고싶으시면발신제한 영화 추천드리네요. 코로나때문에 올만에 국내영화봤는데 괜찮네요.
관람객,"몰입도 최고,  시간 순삭, 군더더기 없는 스토리!  무조건 극장에서 보셔요"
관람객,ㅋㅋ 아니 조우진이나 딸년이나 왤케 멍청하냐 ㅋㅋ진짜 너무 말도 안되서 기가 차더라 ㅋㅋㅋ 글구 그런 사건이 일어나면 당장 가족한테 전화하는게 경찰인데 이게 뭔 ㅋㅋㅋㅋ
관람객,아이 다치게 할것까진 없잖아요 듣보잡 범인이 나중에야  지창욱 인줄  알고 놀람 차 정말 좋다  부부로 나온 조연 불쌍재미없는 신파 불만  재미가 없잖아요
관람객,솔직히 1점도 아까움 개 쓰래기영화 ...
관람객,시간 많으신 분만 보세요시간 아깝습니다
관람객,등장씬에 비해 무능력하고 현실감 없는 경찰들 // 주연 배우들의 연기력이 아까운 영화
관람객,전형적인 용두사미 영화초반에는 A급 영화 흉내는 내는데 후반가면 황당 그자체 걍 B급 영화그리고 1시간 반동안 제네시스가 얼마나 튼튼한지 주입시킴그래도 우리나라에서도 이런 영화가 시도되는것에는 박수 & 조우진 연기는...
관람객,기대안하고 보긴했지만 스토리가 너무 좀 억지....결말은 또엥 뭐지??? 급하게 한편만든다고 고생하셨네요 ㅠㅠ
관람객,왠만하면 평점 안다는데… 너무 지루하고 재미없음.. 반전이 없는게 반전..
관람객,수면유도제
관람객,제네시스광고 + 1 폭탄 터트린다2 니딸과 함께 죽고싶어?3 살려줘반복
관람객,정말 감동적 이였고 꼭 1번 이라도 보는것을 추천 드립니다~~
관람객,예고편 보면 다본거임….  스토리 연결이 몰입이 안됨
관람객,경찰 속터짐 암걸리는영화 환장함 보고나니 화가남
관람객,조우진과 딸 연기는 최고 약간 찡해요 잘 봤어요
관람객,2시간동안 기억남는건 제네시스 뿐이네요ㅋㅋㅋ스토리라인도 뻔하고 감동도 없고기대가 컸던 탓일까요... ㅜ다음대사 예상 갈 정도로 뻔했어요
관람객,오랜만에 많이 웃고 울수 있어서 좋았습니다
관람객,오늘 오후에 보고왔습니다  조용한 극장  이면서 철저한방역 으로 입장하는데 한참 거렸네요  영화 대박 이네요  생각돠어지게하고 교훈이 있어 자녀들과 집중해서 봤네요 최고네요 재미 없다고요 ! 거짖말 입니다  제가 직...
관람객,"간만에 볼만한 영화였습니다. 연출력이 상당하고, 긴장감 구도를 잘 만들어 냈습니다. 한국영화 특유의 신파씬이 있습니다만 전혀 이해못할수준은 아니었습니다."
관람객,자동차JK1(제네시스 GV80)의 우수함을 느끼고 출시될 JW1(제네시스 GV70)의 기대감이 한껏느껴짐 부의상징이자 잘만든 명차의 기대작임
관람객,재미있었어요!!(??ν')?♥
관람객,재밌어용~ 큰 반전은 없지만 뭔가 독특한.?
관람객,죄짓고는 몬산다.  많은걸 느끼게 해주는 영화
관람객,서면이든 해운대든 부산전경은 오지게 찍어줌ㅋㅋ조우진 연기는 지리는데 뻔한 스토리에 단조롭고느슨해지는 느낌이있음
관람객,더 테러 라이브 느낌~그런데 마지막에 뭔가 급마무리 되는 느낌이여서 조금 아쉽
관람객,조우진 연기 미쳤다진짜지창욱 나올때 포스와 눈빛연기슬픈연기하나에 온몸에전율이돋는데진짜 연기력하나로 씹어먹는영화
관람객,연기 끝내주네요. 시원한 바닷가를 배경으로 추적씬 대단합니다. 끝장면 보니 왠지 2편 예감이...
관람객,
관람객,연기 스토리 긴장감 있게 잘봤어요
관람객,다 좋았지만 그냥 제네시스 광고 보는 느낌이라 좀 그랬음...
관람객,조우진 연기 짱! 첫주연이 이 정도일줄이야
관람객,지금 보고왔어요.할말이없네...집에서 tv이 보는게 나아보임진짜 실망 감을 감추지 못했다...이건 아니라고 봐....
관람객,"조우진 연기 빼고 볼 거 없는 영화스토리, 개연성은 개나준듯"
관람객,부산 특유의 자본 부었다는 느낌 + 현차 자본 제네시스 광고 + 조우진 주연 연기력은 합격점이나 존재감과 임팩트 부족 + 류승수는 달마야 놀자가 인생작 그 이후로는 예능캐 + 지창욱 외모 성형외과 광고 수준
관람객,"오랜만에 어머니께 보여드린 영화. 보시다가 한마디 하심.""니도 저 차사라(GV80).."" 결국 무의식중에 1시간30분 차량 광고에 현혹되심..ㅋㅋ"
관람객,할 말이 없다 그냥.. 연기는 인정한다
관람객,뻔한 영화는 왜 자꾸 나오는겨...
관람객,은행과 증권사의 불완전 판매는 꼭 뿌리 뽑아야 한다.
관람객,조우진 배우 연기에만 올인한듯배우분들 연기에 10점 주고싶고스토리가 너무 급조된 느낌개연성이 없음스토리는 영..전체적으로 너무 답답함고구마 사이다가 아니라고구마 고구마 고구마 감자 물 같음
관람객,용두사미 조우진만 하드캐리
관람객,스토리라인이 너무 서술하고 시간낭비임
관람객,스피드가 생각나는 영화
관람객,가해자가 피해자 코스프레하는 영화처음에는 박진감넘치는줄알았음근데 진짜 고구마에다가 짜증유발하는 영화조우진 연기력이 아까운 영화 ☆제네시스 광고 비싸게 찍은 듯☆
관람객,음악과 연기에 따라가지 못하는영상과 연출.영상만 보면 아주아주 잘 만든 저예산 영화처럼 느껴짐
관람객,뻔한 내용 노잼영화 진짜 실망했음
관람객,예고편은 재미있었는데 그렇고 그런 뻔한 결말
관람객,줴가 빠로 그 증거입니닥
관람객,스토리 진짜 드라마수준도 못되네
관람객,노잼 ..;;조금 지루하다
관람객,배경이 부산인데 주인공들 사투리 전혀 안씀 공감 안됨제네시스 스포츠카인줄...개연성제로 주인공이 자식들태우고 폭탄설치하고 달린다는게 말이대? 조금 어이없음
관람객,핵노잼.. 누가재밋데
관람객,차가 나오는 영화인데. 광고라 하는 사람들은 머지? 그랜저 탔어야 하나?
관람객,스토리는 진짜 딱 틀에박힌 내용이었고요 조우진 배우님 연기는 너무 좋았으나 딸 연기력이 너무... ㅜㅜ 무엇보다 내용이 넘 진부해서 영화끝나고 충격먹었습니다
관람객,코스모스는 좋은 책이다
관람객,스토리 진행이 억지 아들다리가 다쳣는데 차는멀쩡 주인공 범인으로 모는것도 억지 다분 협상할때 신원조회안하고 동생투입시키는 억지 범인이 딸 데리고 가는데 경찰이 범인과 딸을 조사도 안하고 그냥 보냄 아내는 남편범인이 ...
관람객,넷플릭스에서 똥쌀깨 볼만함 ㅇㅈ
관람객,대기업의 시나리오 검토 시스템이 낳은 참사 - 진짜 심각함
관람객,두 주인공(제네시스+조우진)은 괜찬음나머지 스토리와 연출은....
관람객,제네시스에서 만든 영화..
관람객,제네시스 X 내부자들 조상무 콜라보레이션
관람객,예고편이 다인 영화.. 걍 유투브에 설명해준 동영상만 보세요
관람객,조우진의 연기 때문에 그나마 6점.
관람객,기대가 컸나...결말이 뭔지도 모르겠고뭔가 질질끄는느낌..+차광고느낌ㅋ
관람객,"조우진 연기외 볼게없네요연출, 시나리오 디테일. 모두 부족한듯간만에 진짜시간아까운"
관람객,"신파과다, 개연성 부족, 선전 과다. 제네시스 90분 광고(에어백 잘 터짐, 주행성능 좋음-_-)"
관람객,그렇게 쉽게 뉘우칠 수 있는 사람이었다면 그런 짓을 묵과하진 않았을 듯. 지창욱 피부는 설정인가요오..
관람객,재난물에 신파 끼얹기 클리셰.   인위적 원인으로 인한 재난물에는 주인공이 왜 그런 재난을 겪어야 하는지에 대한 이유가 중요하다. 재난을 극복하고 원인을 찾는 것이 재난물의 핵심. 그러나 이 영화에선 각본은 뒷전이요...
관람객,돈주고보기아까움….
관람객,내용이 좋네요라임 사태가 생각나네요감사합니다
관람객,예고편때문에 기대가 너무 높아서 인지 한국 영화 특유의 알수없는 흐리멍텅 결말친동생인지 확인도 안하는 치밀한 경찰 GV90 광고 조우진의 차분한 네 좋은정보감사합니다
관람객,아....초반에는 괜찮다가 개연성도떨어지고 결말도...
관람객,그냥 개봉하지말고  넷플릭스에 팔지 ...그럼 돈버는건디
관람객,2시간짜리 현대차 광고
관람객,엉망이네요재미는 1도없고긴장감 1도없고자동차 광고네요시간이 아까워요
관람객,대체로 평이한 수준의 영화
관람객,용두사미….. 연기를잘함..조우진
관람객,별 한개 주려다 두개 준건 조우진 연기 뿐
관람객,박진감도 없고..진부하고 돈아깝 ㅠㅠ
관람객,결국 제네시스는 끝날때까지 기스 하나 나지 않았다.
관람객,한국영화 리뷰특징 내용은 없고 죄다 연기연기거림 ㅋㅋㅋㅋ
관람객,전형적인 용두사미 영화.카체이싱 조우진 연기 좋았지만뻔한 스토리. 엔딩에서 클리셰를 지키지 않을려는 몸부림으로 몰입이 깨졌다.
관람객,목표는 은행원 그리고 사연 있는 폭파범. 너무 뻔한 스토리에 구역질 나는 폭파범의 정당화.  제네시스 g80은 참 멋지긴 하다.
관람객,그냥 노잼... 이게 재밌다고? 누구나 예측할만한 결과 영화도 모르는 영린이가..
관람객,영화 스피드 아류작느낌
관람객,제네시스 광고를 돈주고 봤네.  스토리전개의 중요성을 알게해 준 영화네요. 이건뭐 그냥 이것저것 짜집기해서 대충 시간채운듯한 영화같은 느낌...  스릴도 감동도  전달되지 않았어요.
관람객,긴장감 있게 잘 봤습니다. 답답하고 허술한 점도 보였지만 현실에서 실제로 있는 일이라 슬펐습니다. 자신의 이익을 위해 타인을 희생시키거나 속이는 기만 행위는 하지 말아야 합니다. 나 자신으로 인해 타인이 큰 피해를 ...
관람객,남자 주연배우의 연기는 좋았으나..  그 외에는 기대 이하였습니다... 특히 스토리가 많이 심합니다....
관람객,딸 신파 최악.. 지루했음
관람객,남주 연기빼면 별점 0점임 그나마 남주 연기력때문에 2점임.여기 알바들이 많은듯.
관람객,증권사직원이라할 때 뻔한 내용 다 예상됨
관람객,진짜 영화보면서 헛웃음 이리 나온적 처음임. 나뿐만아니라 대다수가 영화보면서 헛웃음나왔고 도중에 나간사람도 몇 명 있음
관람객,영화와 차광고를 동시에 보는듯한 느낌..딸이 연기를 잘하네..
관람객,스피드라는 영화와 비교해서인지좀 아쉬운 느낌.킬링타임으론 추천조우진님 연기는 좋았음
관람객,멍청한 경찰들과 스피드랑 테러 라이브를 짜집기한 스토리 너무 식상하지 않나? 그리고 가족이라면서 신분  확인도 안하고 용의자에게 들여보내는 경찰이라니 참
관람객,제네시스타고 부산한바퀴
관람객,아이의 다리가 차안에서 왜 다쳐서 피나는지 아직도 이해가 안됨
관람객,배우들의 연기는 아주 훌륭함 특히 주연과 아역배우들 연기하지만 뻔한스토리 영화 초반부터 마지막까지 광고인줄알았음
관람객,영화 소개글 보자마자 1994년 개봉한 스피드가 떠오르는건 저 혼자인가요? 아직 영화를 안봐서 모르겠지만..
관람객,여러분 이거 다놓고 해외용화 레트리뷰션 한국배경으로 리메이크한 작품임
관람객,7점 정도 되는 영화라고 생각하는데 평점이 생각보다 높아서 6점 줌. 스토리가 너무 탄탄하지 못했음. 조우진 연기는 굿
관람객,
관람객,이것은..현대 제네시스 광고를 2시간동안 본기분...조우진 배우님은 마지막 빼곤 운전석에서 꿈쩍도 못하심....지창욱 배우의 결말이 좀 아쉽.... 조연 주연배우님들 연기가 ㄹㅇ 하드캐리
관람객,개민폐 캐릭터만 잔뜩나와서 보기너무 힘들었다... 조우진 연기력은 훌륭했지만 스토리가 너무나도 엉성함
관람객,전형적인 한국영화..오글거렸어요
관람객,여러분들은 만원내고 두시간 제네시스 광고를 보게될것입니다
관람객,자잘한 핵심기능들이 죄다 빠진 보급형(보다 더 못한) 스마트폰
관람객,주연 한명연기가 좋긴한데 몇몇 개연성부분이나 폭발물관리반장인가 여경캐릭터는 왜넣은건질 모르겠네요 대사도 감즹이입 깨트리는편이고..
관람객,
관람객,요새 볼영화없었는데 정말재밌었습니다 조우진님 연기짱
관람객,"제목은 발신제한으로 하겠습니다, 사실 스피드랑 쏘우를 곁들인"
관람객,몰입하고 잘봤습니다.  조우진님 연기 좋았어요
관람객,신파만 빼면 괜찮다
관람객,"넘나재밋는것.,.."
관람객,내내 긴장감 스토리도 말할거 없이 잘 짜여졌음반전 소름음악은 대박모두의 멋진 연기력감사합니다.손수건도 챙겨야함
관람객,연기는잘하네요  볼만합니다
관람객,근래본영화중 최악 딸래미 보다 암걸리는중
관람객,견찰 설정도 최악이고 너무허술하고 대체 왜 주인공을 용의자로 모는지 이해도 안가고 견찰들끼리 대화도안됨 심지어 용의자가족이 용의자만나는디 신분확인도 안함 ㅋㅋㅋㅋ게다가 딸까지 납치당하게함 이개 영화냐 ?
관람객,이딴 시나리오로 영화만들 생각한것도 대단하고 10분짜리 시나리오 늘려만든것도 대단하고영화보고나오니 왜이렇게 화가나냐
관람객,꼭 보세요 21년 전차왕 GV80입니다
관람객,폰부스 따라할려며누제대로 해야지. 스에기를 만들었네. 신파k폰부스 보는중 평점 남깁니다. 최악임 이게 한국영화 현실임 배끼는데 배끼는것을 못해
관람객,고구마 천개먹은듯한 느낌 범인은 차안에 원격으로 블랙박스로 다 보고있나
관람객,제네시스광고를 13000원주고보네 ㄷ ㄷ
관람객,너무 재미없어요 지창욱씨 연기보단 전화통화에서의 목소리에 긴장감이 하나도 없어요 목소리 톤도 이렇게 중요하구나를 느낌 그냥 나도 저 정도는 대사칠 수 있을 것 같아요 모든 배우의 연기력이 너무 아쉬워요 모든게 가성비...
관람객,"조우진이 다했네, 지창욱 닶이 없다..."
관람객,재미없어요.. 연기는 좋았지만 뻔하고 답답한 스토리
관람객,극혐이네 진짜
관람객,자본주의 사회에 투자는 지극적인 개인의 판단입니다.
관람객,90분짜리 제네시스광고
관람객,제네시스 에서 광고영화 제의 들어와서 완전 급하게 만든 영화같음 어거지로 만든느낌
관람객,솔직히 그냥 한국에서 맘먹고 만들수 있는 영화 내용.. 배우들 연기는 좋은데 스토리가 별로.. 그냥 흔하게 볼수있는 느낌이었다
관람객,제발 보지 마세요 영화가 아니라 쓰레기를 만들어놨습니다 돈 시간 너무 아깝네요
관람객,보는 내내 긴장감 대박이구 배우님들의 연기가 또 대박이었어요
관람객,"조우진  발음 구려서 당췌 무슨말하는지 못알아먹음,음악도 구리고 애들 드럽게 못생겨서 감정이입불가에 연기인지 연출인지 오바스럽고  전체적으로 똥망임"
관람객,진부하고 전형적으로 예측가능하고 눈에 보이는 스토리
관람객,"OO,, 첫날 평점에 기대하고 본 내가 잘못이지 그냥 집에서 iptv로 진짜 할거없을때 볼만한 영화임"
관람객,라임 사태에 대한 시사성을 제외한 스토리의 개연성이 너무 부족합니다. 노잼~
관람객,"조우진의 연기가 좋았고, 제네시스 GV80이 사고싶어지는 영화각본은 그냥 한국영화에 나오는 그냥 그거"
관람객,조우진은 잘생겼지만 발음이 불명확해서 무슨 말을 하려는지 이해하기 어려울 때가 꽤 있다. 딸 역할을 맡은 배우는 연기력이 부족했고 극의 전체적인 흐름을 흐트러뜨려서 보기가 싫었다. 전반적인 이야기 전개는 느슨해서 중...
관람객,스토리 개연성이 이해해줄 수 있는 부분를 많이 넘어가버림(납득이 안가는 장면이 많음). 그로 인해 답답함을 느끼고 지루해짐. 무슨 메시지를 전달하고싶은가는 알겠지만 아빠의 부성애 빼고는 공감도 안가고 어느 캐릭터에도...
관람객,간만에 이런 질 떨어지는영화 봅니다..시청자들에게 스릴을주려다 암을 선물해주시는감독님...팬트하우스를 능가할뻔한 막장스토리 감동입니다...
관람객,장점1.조우진님의 연기 2.해운대 추격씬3.초반 긴장감단점1.경찰들의 무능함2.헬리콥터가 밸런스 붕괴를 일으킨다 처음 등장은 좋았는데 후반 마지막 다시 도망칠때 헬리콥터를 보여주었는데 갑자기 사라졌다(아마 추적이 너...
관람객,아무리 상업영화라해도 ...  한국에선 영화가 그저 패스트푸드 장사같네...
관람객,조우진 연기 짱 잘하네요~~
관람객,"코로나라는 상황이 아쉬울 만큼 영화 몰입도가 좋습니다. 아들 학기말고사 치루느라 고생해서 가족 끼리 봤는데, 역시 영화는 극장에서 봐야함."
관람객,제발 작품좀 검토하고 영화찍으세요..돈준다고 덜렁 하지말고배우로써 커리어 다 망칩니다.연기도 잘해야 하지만 작품도 잘골라야 하지않겠어요?
관람객,"영화적 허용을 감안해도 억지스러운 전개, 영화 후반까지 아무 매력도 없는 악역, 부족한 액션연출과 cg 등 특히 스토리에서는 악역이 동생이라고 혼자 가는 부분이나 기껏 용의자라고 단정짓고 인질로 잡혔던 딸을 동생에게..."
관람객,드럽게 재미없어요. 걍 온갖 클리셰 다 때려넣고 너무 뻔해서 시작부터 결말이 빤히 보임... 어디서 본듯한 내용이다 싶었는데 더 테러 라이브랑 내용 비슷함
관람객,진짜 진지하게 재미없고 암만 걸리니 제발 보지마세요
관람객,스페인영화 레트리뷰션 리메이크작인데....그냥 100%완전 똑같음 ㅋㅋ원작보다 못함...
관람객,"오늘 보고왔는데,,, 예고편이 전부이고,, 예고가 더 재밌음..기대 많이 했는데,, 솔직히 조금 아쉬움특히나 K 신파,,, 굉장히 지루함"
관람객,슬픈 자본주의의 현실을 잘 묘사했네요
관람객,기대1도안하고 별로일거라는 예상하고 영화봤는데 느끼는점이 많음 남에눈에 눈물나면 내눈에 피눈물 나는거고 떳떳함은 돈주고도 못산다 인간은 나약하다
관람객,평점에 알바쓰지마세요..별점이 낮아도 한국영화 즐겨보는데 별점9점은 너무 사기잖아요..
관람객,현실성 떨어지는 내용진부한 추격신개연성없는 스토리최악
관람객,이 영화 대본 쓰신 분 최소 군대 안다녀오셨고 폭탄이나 지뢰에 대한 이해도 없이 아무렇게나 상상해서 쓰심 그리고 경찰들이 무슨 신원조회도 없이 외부인을 현장에 마음대로 출입시킴 너무 말이 안되게 설정함 작가님 다음 ...
관람객,쪼만한 후진공장에 당장 없으면 안되는 운용비를 파생상품에 투자햇다가 돈잃는게 원한의 이유인거 실화임??
관람객,부산사람이라 더 재밌게봤어요!
관람객,재밌게 봤긴 했지만 별로네요
관람객,예상보다 좋았어요!조우진 배우님 연기는 연기 같지않고 실제 상황같아서 몰입이 많이 되었어요앞으로도 계속 주연길 걸으셨으면!
관람객,배우 연기 대박이네요 !!마지막 영화 끝마무리가 조금 아쉬움이 있었네요ㅠ그래도 오랜만에 본 영화 .즐거웠습니다
관람객,조우진이 출연하는 작품은 무조건 봐야한다고!!!
관람객,재밌습니다.잘봤습니다
관람객,스릴 넘치고 재밌게 봤어요 조우진님 연기 진짜 잘하심bb
관람객,설정 잘 살려서 긴장감 있고 좋았음 부산 살던데 많이 나와서 그런가 더욱 재밌기도 했고
관람객,클리셰 가득한 뻔한 한국형 범죄 영화. 재미는 있었지만 살짝 부족했다.
관람객,역시 믿고보는 조우진 연기로 몰입하면서 봤음ㅋㅋ오랜만에 극장에서 볼만했음!
관람객,"ㅋㅋㅋ 이 댓글이 알바 댓글이냐 ? "" 유일하게 기대되는 "" 이라 했잖아 OO들아 ㅋㅋㅋㅋ 글 제대로 봐라 눈이 안좋냐 ? 안좋으면 수술 하던가 ~ ㄹㅇ 꼴보견이노 ;;"
관람객,러닝타임도 짧고 긴장감도 최고! 최근 한국영화중엔 제일 나은듯
관람객,재밌어요 볼만해용
관람객,나름 감동 있어요끝이   좀    맘에 안듬.
관람객,Gv80 홍보영화 진짜보지마
관람객,발신제한=관람제한.
관람객,gv80 광고 잘봤습니다
관람객,영화는 결국 플롯이다라는걸 깨닫게 해줌.. 기계화된 4차 산업혁명시대의 70년대 권선징악형 로동영화
관람객,좋았는데 마지막 좀 허무하게 범인의 결말이 아쉽네어ㅗ
관람객,스토리 개연성은 어느정도 있는거 같은데 긴장감을 이끌어가는 부분이 부족했음. 감동포인트 잡기도 힘듬
관람객,개연성은 어디로...?보는내내 하품나옴..K클리셰의 향연..
관람객,연기짱gv80 너무사고싶어요 미치겟어용
관람객,진짜 재미없음더 테러 라이브의 하위호환.
관람객,재네시스 광고입니다.
관람객,조우진 더하기 봄 부산 해운대
관람객,
관람객,혹시나하고 봤는데 역시나 재미없는
관람객,자동차 안이란 제한적인공간에서 이런 스토리가 나오고 긴장감있고 정말재밌게 잘봤습니다 !!
관람객,
관람객,조우진의 연기는 너무 좋았다 하지만 왜 답답하고 꽉막힌 경찰은 항상 남자경찰이고 멋지고 현명한 경찰은 여자경찰인거지? 그리고 왜 구조대가 있는데 왜 여경이 cpr을 하는거냐고 ㅋㅋ
관람객,이럴거면 그냥 분노의질주를봤지
관람객,"재밌게 잘 봤습니다. 조우진 배우님 연기도 좋았고, 줄거리도 흥미진진했어요."
관람객,재미읎다어거지눈물근데눈물남ㅜㅜ힝
관람객,재미없음범죄자 미화 좀 제발..
관람객,
관람객,조우진님 항상 감초 역할 잘 해주셔서 팬이었는데 (김은숙 작가님 드라마) 이렇게 어느새 주연배우 당당히 꿰차신 모습 보기 너무 좋아요 ?????? 연기력 진짜
관람객,배우들 연기력은 너무 좋았는데 내용은..
관람객,조우진 연기가 지렸다 ㄹㅇ 안보면 후회할듯
관람객,진짜 재밌음 ㄹㅇㅠㅠ배우들 연기도 장난 아니고 특히 조우진님 연기가… 진짜 미쳤어요 말이 필요 없음 걍 존잼 진짜 꼭 보세요 슬프기도 진짜 슬프고 액션도 있어서 정말 재밌게 봤어요
관람객,오랜만에 재미있고 스릴있고 완전강추합니다
관람객,지루하고 정말 어거지 스토리다
관람객,제네시스 광고영상 에휴
관람객,완벽하고 저희 동네 나와서 더 좋았어요 ㅎㅎ
관람객,보는 내내 짜는 부분이 계속 있었지만찔끔나오다가 맒재밌게봄 추천해줄만함  뒷내용 너무 예측됨 뭔가 뻔한 스토리
관람객,액션도 아니고 드라마도 아니고 스릴러도 아닌 어중간함배우의 연기는 명품이었음
관람객,조우진 배우님 첫 주연작이라고 하던데 연기를 너무 잘하시더라고요ㅎ 글구 차 안에서만 진행되는데도 되게 몰입감이 좋았어요 원래 이런 영화는 좀 스토리가 뻔한 경우가 많은데 반전이 있어서 끝까지 재밌게 잘 봤구요 강추드...
관람객,"지창욱, 조우진 연기가 다한 영화.애들 울음소리가 너무 많이 나와서 거슬리긴 했지만 그것빼고는 배경, 연기 다 괜찮음."
관람객,내용도 단순하고 현실감도 떨어지고 돈이 아까운 영화다. 이걸 시나리오라고 쓴건지 한심하다.
관람객,
관람객,엄청 스릴있게봤어요
관람객,현대차 광고 돈내고 보게 되네연기는 좋았다
관람객,조우진 배우님의 하드캐리 잘봤습니다 돈아깝지는 않은 영화임
관람객,조우진님 연기를 너무 잘하셔서 10점 드려요!
관람객,전반과 후반 감독이 다른느낌..경찰역과 진경은 미스 캐스팅..
관람객,영화보는 내내 제네시스광고 보고 나온 느낌....
관람객,아주재미납니다 조우진연기 대박
관람객,조우진연기만 좋은 제네시스광고
관람객,연기 대애박 잘해요 ㄷㄷ
관람객,"재미 있어요. 잘 봤어요. 잘 봤습니다. 재미 있게 잘 봤어요. 감동 했어요. 감동 했습니다. 내용이 듣고 잘 들었어요. 잘 들었습니다. 조우진,지창욱 지창욱 범인 당신입니다. 체포 될 것 같아요. 좋겠어요. 폭탄 ..."
관람객,조우진 배우가 이기적이면서도 짠한 캐릭터를 연기하면 어떤 느낌이 나오는지 그의 원탑 주연 배역을 고스란히 경험할 수 있는 영화. 배경이 부산이라 시내와 해안가를 넘나드는 자동차 운전씬이 나름 신선. 폭파범의 목소리가...
관람객,딱 B급영화 그이하일수도
관람객,음… 뭐라 그럴까? 일단 차에서 이뤄지는 것들이 많아서 멀미 심한 분들은 저처럼 힘드실 수 있고 차 안에서만 이뤄내는 연기인데도 배우님이 연기를 잘해주셔서 여러 감정을 느낄 수 있었습니다 조금 아쉬운 건 스토리…?
관람객,"수준낮은 스토리 gv80이 아깝다"""
관람객,전형적인 한국 영화 부실한 설정에 억지 즙짜기
관람객,영화보다가 중간에 나온적은 또 처음이네경찰나오는 순간부터 보지마세요
관람객,너무 잼없다 스토리 그지 같다 말도안되 아흐
관람객,1시간 30분 깔끔한 스토리 전개와 스릴감으로 스트레스 날려주는 간만에 영화다운 영화 잘 봤습니다 배우들 연기도 최고
관람객,
관람객,조우진이 멱살잡고 캐리한 영화
관람객,첨부터 끝까지 고구마전개여자싫어하는거 티난다 작가야ㅋ트롤역할 다 여자왜있는지 모르겠는 경찰배우가 아까움스토리도 별로임 왜 자기들 무지로 투자해놓고 남탓함ㅋㅋ범인도 웃김 자기도 무고한사람죽게해놓고 자기억울한것만 따짐복...
관람객,조우진 배우님 연기 대박!!!
관람객,1시간 30분동안 재밌고 긴장의 끈을 놓지 못함조우진이 연기가 미쳤긴했지만 모든 배우들이다 연기를 잘해서 그런거 같음
관람객,단언컨대 내인생 최악의 영화였음
관람객,"주연,조연 지창욱까지 긴장감 넘치는 열연 너무 재밌었습니다!"
관람객,내용은 생각보다 재밌었고 뻔한스토리이지만 연기가 캐리해서 만족스럽다
관람객,진짜 심장 완전 쫄깃해지는 영화였어요목소리 떨리고 손 떨리는 연기 너무 잘하더라구요감동포인트도 있어서 눈물났어여ㅠㅠ
관람객,"음악 되게 잘썼고 연기,연출 굿"
관람객,스토리도 재밌고 긴장감도 꽤있고..너무재밌게봤어요!!^^약간의 감동도있고ㅎ 다른사람은 아닐지모르지만전 재밌고 감동도 있었고 다재밌었습니다^^
관람객,하이텐션에서 갑자기 신파 연기 말고는...
관람객,조우진씨 연기가 영화를 이끌었다고해도 과언이아님...  앞으로도 승승장구하시고 오랜만에 한국영화 재밌게 봤습니다gv80 너무 대놓고 광고ㅋㅋ 안살거에요!
관람객,연기가 다 했긴했는데 혹평하는사람많네 그정도는 아니라보는데
관람객,배우님들이 연기를 너무 잘하셔서 푹빠져서 봤어요!!
관람객,남주가 서경석 닮았다.
관람객,
관람객,연기가 진짜 짱 지창욱 잘생김 진짜 재밋어요
관람객,주인공 남자가 연기를 너무 잘함
관람객,진짜 재미없음.. 현대에서 투자를 많이 받았나봐요 온통 차광고..^^ 스토리도 별로고 끝도 흐지부지 감동적이지도 않고 그냥 이걸 왜 만원을 넘게 돈주고 봤나 싶음 한마디로 돈아까우니까 보지마세요 연기력은 괜찮은데 스...
관람객,올만에 좋은 영화 나왔네요. 추천드립니다.
관람객,배우들의 명연기 최고입니다
관람객,스릴만점..재미있음
관람객,"남의 폰도 블루투스가 되다니... 코로나 시국에 밀폐된 공간에서 소수만 촬영하는 방법 생각하다 나온 스토리 아니냐며 ㅋㅋ 하드캐리 하드캐리 하는데, 일이 터지기도 전부터 혼자 심오한 표정 연기는 좀 오바스러웠음. 심..."
관람객,신파 작작 했으면....
관람객,스토리가 재미있는지 모르겠어요....뻔하기도하고  주인공 연기 잘하셔용  재미없는 영화보면 시간 아까운데  아주 조금 아까웠어요...
관람객,조우진님 연기가 부족한 부분을 커버했습니다. 연기 짱짱
관람객,조우진님 연기 완전 잘하심... 그리고 무엇보다 내용이 재밌음
관람객,재미있긴했어요끝에부분이 시시했지만요
관람객,이재인 배우 연기력이 좋네요사바하때부터 감정표현이나 표정들이아역처럼 느껴지지 않는 좋은 연기!
관람객,와 최고에요 인생영화등극감동과 재미와 모든걸 다 잡은 영화인듯오늘 또보러가야징
관람객,평론가들은 이 영화 만든 사람들과 뭔 원한이 있나 ?   그 대들 평과는 다르게 집사람은 재미와 감동이 최고라고 하고  나도 오랜만에 돈이 아깝지 않은 영화를 본 것 같다.
관람객,90분 짜리 제네시스 광고 영화 그 자체제네시스는 이뻤고 조우진은 연기를 잘했고영화는 쓰레기였다
관람객,재미없다는 사람도 있는데 마지막 장면 몇분 빼고는 다 괜찮았다 난 갠적으로 진짜 재밌었다
관람객,주인공이 제네시스 Gv80 (농담)조우진 난 당신이 언젠간 주연이 될줄 알고있었소
관람객,해변가기 전까지 진짜 몰입하면서 봤음. 그 다음은 여러 이유로 몰입해제.
관람객,"한국영화는 돈벌기 참좋져?  TV광고와 유명배우, 애국심, 범죄쪽 스토리만 하여도 국내에서만 하여도 기본 2배이상은 수익나니"
관람객,8점대는 아닌듯.. 조금지루했..
관람객,진짜 조우진 연기 잘함 ㅇㅇ후회없다
관람객,꼭 보세요 다들 연기를 잘해서 재밌고 눈물 글썽이며 봤어요딸이 연기를 잘하네요
관람객,하...보는내내 몸이 꼬이고 나가고싶던 영화는 올해들어 첨이야....억지스러운 전개 내용에 보다가 지쳤음
관람객,안 보는거 추천드립니다. 뻔한 스토리에 뻔한 결말 어색한 부산 사투리에 영화 마감도 잘 안되어있어서 옥예티도 보입니다. 박진영 주연의 오백만불의 사나이 이후 가장 재미없는 영화였습니다
관람객,조우진 배우님의 명품연기 덕분에 몰입 100%해서 봤어요ㅜㅜ
관람객,노잼..공짜라 다행이네요
관람객,
관람객,스토리 전개가 너무 옛날 스타일.. 돈주고 볼 정도는 아님
관람객,
관람객,지창욱의 찰진 욕연기그냥 영화찍다 스트레스 받아서 진짜 욕한듯
관람객,내용은 뻔하다고 느낄 수 있어요 예고편만 봐도 내용이 예상 가지만 배우들의 연기력덕에 영화에 몰입하게 되고 슬픈 부분도 있어 지루하지 않고 재밌게 잘 봤어요
관람객,진짜 재밌어요 ㅎㅎ 이거 보시는거 진짜 강추드려요 1시간30분이 금방 가더라구요 ㅎㅎ 제발 봐주세요
관람객,고구마 천개 먹은 듯한 답답함과 막판 무의미한 신파 유발 콤보
관람객,볼만함 추천함 제네시스 광고 포함
관람객,그냥 별로 돈ㅇㅏ까움 제네시스광고
관람객,한시간정도는 볼만했음
관람객,한국영화가 점점 망해져가는구나... 1년만에 영화관인데 최악이구나...집가서 넷플릭스 바야지 제네시스 이쁘노
관람객,조우진 연기만 볼만함 ㅎ
관람객,차가 멈추자 스토리도 멈췄다딸래미를 어서 본거 같은데 했더니 사바하에 나왔던 그 아이네
관람객,지창욱 때문에 울었다. 영화 끝나고 마지막 스탭진 자막 올라갈 때 “그리고 지창욱”에서 눈물 쏟아짐
관람객,지창욱이 다 했다~!!!
관람객,제네시스광고+ 전태규+ 더테러라이브
관람객,음그냥그랫드ㅋㅋㅋㅋ
관람객,결말 진짜 리얼로다가 OO이다
관람객,별루 입니다.
관람객,"두 사람의 이야기에 대칭성이 있다면 더 인상적일 텐데, 안타깝게도 그렇지는 않았습니다. 피카레스크의 특징을 제대로 못 살렸다고도 할 수 있지요. 내용은 전반적으로 예측이 되는 딱 그 정도 입니다. 간단하게 보시면 좋..."
관람객,만족! 결말이 조금 아쉬워요
관람객,너무 재밌습니다ㅠ 그라구 넘 슬퍼용ㅠ조우진 연기 진짜 잘하는 것 같더라구요스릴 넘쳤어요..
관람객,조우진 원맨쇼라 감히 말할수있음 진짜 연기 소름돋는다 그리고 음악정말 잘 쓴 영화 볼만했음 배우들 연기 구멍없어서 편-안 합니다 진짜 조우진 배우님..최고 진짜 와 어우 너무 좋아요
관람객,재밌어요.눈을 떼지 못했어요.
관람객,이런영화를 돈주고보다니 정말 시간낭비 입니다 시간떼울분들은 보세요
관람객,시간 가는줄 모르겠습니다 흥미진진 하네요
관람객,조우진이 살린 영화.다만 뒤로 갈수록 힘이 빠지는 영화.뭔가 아쉽고 중간중간 뭐가 빠진 느낌. 그나마연기력이 하드캐리함
관람객,너무 잘생겼어 !!!!
관람객,연기를 너무 잘하셔서 몰입도가 장난아니였어요
관람객,조우진 배우님 연기 너무너무 좋았어요~소름끼칠 정도로요~ 조우진배우님의 재발견입니다~팬됐어요^^
관람객,후반부 전개가 살짝 아쉽지만. 간만에 아주 재밌게 봤습니다. 배우들 연기도 좋었아요.
관람객,
관람객,
관람객,제네시스 광고 감사합니다
관람객,중간까진 스릴감 넘쳤는데 끝에 신파를 그렇게 넣어야만 했는지? 조우진 배우님 연기에 박수를 보냅니다!!!
관람객,진짜 스토리가 주로 차안에서 이루어지는데 영화 후반부가서 벌써 한시간반이나 됐어? 라는 생각이 들었습니다. 그리고 조우진배우님 평소에 멋있다 생각했는데 연기력 진짜 장난아니십니다. 지창욱 배우님도 너무 멋있으세요.
관람객,영화 전반적으로 개연성이 없음
관람객,"끝까지 쫀득쫀득하긴 했지만, 마지막엔 이해가 잘"
관람객,음..이런류의 영화는 결말은 뭐 다들 아시는만큼 뻔하죠..위기를 풀어나가는 묘미도 전혀없고..스토리적으로는 그냥 진짜 뻔한 킬링타임용영화?하지만 조우진배우님덕분에 그래도 괜찮게 봣음..
관람객,조우진으로 시작해서 / 조우진으로 끝내버린 / 조우진이 다해드신 / 조우진표 다이하드 . 그 짧은 러닝타임에도 지루함이 있었다는 함정...
관람객,진짜 스토리 무슨 생각으로 쓴지 궁금하다.. 범인 두뇌플레잉부터가 어설픔. 영화중에 폭탄관련 자료조사도 했다면서 전파차단 하나로 범인이 뭣도 못하는 것부터가 김빠지는데 친동생이라고 들어가는게 말이 되나 폭탄 가까이 ...
관람객,조우진의 좋은 연기 뻔한 스토리 굳이?라는 배역
관람객,초반부터 긴장감 생겨 몰입도 좋았는데 중반쯤 차가 포위 되었는데 그씬이 너무 길고 경찰행동이 바보 ㅋㅋ 긴장감 떨어졌어요 신파에 뻔한 스토리로 마무리 나름 볼만해요~^
관람객,한국영화식 신파는 이젠 안 넣을때가 되지 않았나....
관람객,조우진이 다한 영화 짱이다 !! 최고다 !
관람객,조우진 지창욱 연기가 좆됨
관람객,나쁘진않은데 스토리가 쪼금 아쉽다.부산 도로에서 저렇게 빨리 달릴수가 있나?
관람객,주인공 조우진의 연기를 기대하고 봤는데 역시나 기대에 부응하는 멋진 배우임~~~부산배경인데 부산사람들은 더 재미있게 볼 듯^^
관람객,"강렬한 메인요리 조우진에 전체를 아우르는 디저트 지창욱, 그리고 입안을 상쾌하게 만드는 음료 이재인까지진부한 스토리를 커버하는 세배우 보는 재미가 괜찮은 오락영화"
관람객,"GV80이 도심을 참 잘 달립니다ㅋㅋ 아무튼 조우진 배우의 연기력으로 2시간을 끌고 갔다고 봐도 무방할 정도고 이재인/진경, 특별출연 지창욱 배우까지 뒷받침 잘 되어 있지만.. 러닝타임을 줄이기엔 이미 1시간반짜리라..."
관람객,소소하게 흘러가다 마지막 탈출씬에서 다 말아드셨다... 진작 그렇게 나가지... 어이 없었음.
관람객,그냥 조우진 배우 연기 보러 간다고 생각하고 가서 봐도 후회 없을 것 같아요. 처음부터 끝까지 몰입감을 유지시켜주는 조우진 배우의 연기가 이 영화를 볼 충분한 이유인듯요.
관람객,조우진님연기는잘합니다..다만 스토리가 영ㅠ 이상하넹ㅂ
관람객,난 왤케 재미없게봤지 연기는 인정
관람객,조우진 연기에  박수를 보내며절박한상황에도 침착함션한  해운대 바닷가.신항으로제네시스가 달리고~  조우진님 연기최고
관람객,"대놓고 제네시스 광고 + 중간쯤 작가가 ""아 힘들어... 이제 대충써야지!"" 라고 느낄정도의 몰입도 하락, 너무 과한 가족 감동요소 강제삽입, 처음과는 다른 너무 카리스마 없는 악당과 도덕적인 결말 ...."
관람객,정말 재미있습니다~~
관람객,"진지하게 영화보다가 나온적 딱 한 번 있었는데 이게 두번째였음 억지감동, 억지 긴장감 쓰레기같은 스토리 뭐 하나 안빠지고 모든 게 OO이였음,, 영화 댓글 다는 것도 처음,,"
관람객,지루함. 발암. 의미없는 결말. 징징. gv80선전. 여주 예쁘네.
관람객,내가 왠만하면 리뷰 안남기는데..  정말어이없어 남김진짜 중간이후부터 스토리 산범인 개연성없고 뭘 말하ㅡ고싶은지 알수없고;;;도대체 뭘 야그하고싶은건지;;;주인공연기는 그나마 잘하셔 다행재미없음;;;그나마 주인공연기...
관람객,후반부 눈물 쥐어 짜기가 영화 마지막까지. 짜증 제대로 유발. 남주 연기는 흠잡을 데 없는. 하지만 혼자서 극을 이끌어 가기엔 뭔가 좀 약하지 않나 하는 생각이.
관람객,조우진의 연기는 참 좋았으나 스토리가 너무 빈약함. 우리시대에 가족상을 반영하며 가족간의 무관심함으로 극을 이끌어가다 폭탄으로 인해서 가족간의 사랑을 최대치로 끌어올림. 너무 억지스럽게 눈물을 쥐어짜는 모습이 한국영...
관람객,ㅋㅋ 송새벽 생각난다.
관람객,"제네시스 GV80 주행영상과 에어백 광고 + 부산 해운대, 동부권 지역의 순간이동 홍보물영상"
관람객,음…연기는 좋았으나 좀 지루했습니다
관람객,마스크가 촉촉해진 영화
관람객,
관람객,이런 종류의 스릴러가 치밀하지 못하면 벌어지는 일.
관람객,조우진배우 연기가 물이 제대로 오른거같네요 ㅎㅎ어머니 보여드리니 재미있게 보셨다합니다.
관람객,주인공 연기는 최고  스토리는 예상 가능하지만
관람객,조우진 연기 ㄷㄷ몰입이 너무 잘됐어요
관람객,항상 지창욱배우님 연기를 믿고 봅니다 작품마다 최선을 다하는 모습이 멋져요 지배우님 진짜 너무 매력적이다 넌 최고예요 영화 대만에서 개봉이 너무 기대되네요 영화 대박 나세요 앞으로도 계속 응원할게요
관람객,시간가는줄 모르고 봄 잼났어용!!
관람객,지창욱 배우님 연기 대박 악역도 멋있습니다요
관람객,의외로 스토리도 좋고 내용도 참신했습니다 누군가는 스피드를 연상시킨다고 하는데 전혀틀린스타일이고 이영화는 가족의 메시지와 남에눈에 눈물내면 내눈에는 피눈물난다라는 교훈이있어서 의외의 반전이 있어서 좋았고 마지막에 감...
관람객,광고 영상만 보고 액션영화와 퀵 생각하고봤는데 중반부부터 너무 지루했음
관람객,지창욱 배우 연기 발로하고 경찰들도 실제로 그런 겅찰이 많으니까 스토리로 만들었을거고 경찰 믿음 1도 않가고 세금으로 월급 주는거도 아깝도 조우진 배우 혼자 다했네요 조우진 배우는 이시대에 주연급 연기 왜 지금까지 ...
관람객,배우들 연기가 진짜 굿특히 해인 역할 배우 사바하에서도 봤었는데 연기 너무 잘해서 눈물 찔끔함보면서 느끼는게 많았던 영화착하게 삽시다들
관람객,GV80 잘나간다 ㅋㅋㅋ  조향성 정숙성...
관람객,연기는 잘했는데  바닷가 포위씬부터 스토리가 너무 별로 경찰을 완전 바보 멍청이로 만들어놨음
관람객,아....초중반까지는 괜찮은데...후반부 너무늘어짐과 동시에 신파는 뜬금포네!!아니 한국영화는 우째 신파빠지면 시체냐...
관람객,조우진 연기가 다 해버림
관람객,"'더 테러라이브' 카체이싱 Ver 조우진,지창욱 연기가 빛났다. 편집기사 출신의 감독의 연출력은 긴장감을 롤러코스터에 타는 기분이었다"
관람객,언제나처럼 돈이 많으면 최고인 세상조우진 연기는 존나 잘함; 올해 봤던 영화중에몰입도 최고였음
관람객,연기는 진짜 다들 잘함 근데 난 만원주고 차 광고를 본 기분이 드는지…….
관람객,연기력은 좋으나 너무 뻔한 이야기 ㅠㅠ 개연성도 없음 ㅠㅠ아쉽 아쉽
관람객,연기는 그럭저럭 내용 진짜 하나도 없고 개연성도 그면 갈수록 별로 제네시스 광고 100;
관람객,감동적이고 배우들이 연기를 잘해서 몰입됬어요!!! 진짜 재밌게 봤습니다 !!
관람객,제네시스 광고. 문짝은 어쩔껴?
관람객,재밌긴 하고 여운에 남는데 지창욱 시점에서 보시는분들은 아쉬울거에요..
관람객,패망의길을가고있는한국상황을가족을통해긴박하게그려낸영화웬지견미리마귀집단이떠올랐다는..
관람객,"(7.5점) 초반-중반까지는 쉴새 없이 몰아쳤는데 (이렇게 텐션 유지하기란 쉽지않을텐데), 아니나 다를까 중반 이후로는 조금 늘어지는 전개가 아쉬웠음.초중반의 기세가 너무 큰 기대를 유발한 점도 있으니, 전체적으로는..."
관람객,경찰 ㅁㄴㅎ 거 너무 부각시키고 답답하고 연기만 최고
관람객,졸라재미있음 꼭보세요
관람객,연출과 편집으로 인물들의 감정선을 섬세하게 살려낸 것 같네요. 한정된 공간 안에서 낼 수 있는 가장 큰 스릴이 아니었을까 싶습니다
관람객,야무져요 정말 야무져요
관람객,초반엔 몰입감 좋았는데 뒤로 갈수록 주조연 모두 멍청하고 억지스러운 행동들만 하고 있으니.. 조우진 연기력이 낭비된 느낌
관람객,스토리가 탄탄하고 스릴있고재밌었어요. 후반부는 제 예상대로 흘러가더군요.
관람객,조우진님 연기에 빠져들었어요스토리가 좀 뻔하고 뭔가 빨리 마무리하고 끝낸 느낌이랄까???제네시스 광고 잘 보고 왔어요질주본능심장쫄깃해지는 영화 재밌게  잘 보고 왔습니다
관람객,"배우분들 연기랑 초반 텐션은 좋았으나 후반부로 가면 스토리가 산으로감.. 옵션이 어쩌고 수익과 안정성이 어쩌고 하는 부분은 관객이 공감하기도 어렵고, 설령 모티브인 KIKO 사태를 알고있다고 해도 이 뭐 이런 억지 ..."
관람객,어떤배우가 나오는지 모르는 상태에서 봤는데 지창욱 배우님 목소리 연기가 대박이라 전문성우가 한줄 알았어요 조우진배우님 연기도 너무 몰입되고 특히 이재인배우님과 케미가 정말 부녀같아서 너무 감동적이였던것 같아요 코로나...
관람객,기억납니다. 은행 그 금융상품...영화 너무 잘 봤습니다
관람객,재미있네요.. 스토리는 살짝 뻔하기는 하지만 아주 재미있고 감동적이였습니다. 아이를 키우는 입장에서 부모입장에서도 감상하니 감동과공감적임과 ㅠㅠ
관람객,뻔한 스토리....재미없다
관람객,기대이상의 연출.연기.다소 무거울수 있는 스토리인데  끝날때까지  집중해서 잘봤습니다.
관람객,무서운건 아니고 조금 가슴 졸이면서 봤네요ㅋㅋㅋ재밌어요.
관람객,슬픈건줄은 몰랐는데 친구들이랑 오지게 울다 나왔구요 ㅠㅠㅠ 배우들 연기도 너무 좋고 처음부터 끝까지 지루할틈이 없어요 쵝오   ㅜㅜ
관람객,
관람객,조우진배우를 위한 영화인듯~ 연기를 너무 잘하셔서 더 몰입하고 본거같아요. 음악도 너무 좋았구요.아역들도 연기를 잘해서 잘봤습니다. 슬플줄 모르고 봤다가 울고 나온게 당황스럽긴했어요.ㅎ
관람객,기대하지말것을....  ㅠㅠ조우진 연기  과하고    딸 어색하고
관람객,클리셰 등어리임. 계속 더테러라이브가 생각남 악당이 슬픈 사정을 가지고 있는 것 까지 똑같고 마지막에 악당만 죽고 주인공만 사는 것도 똑같음. 근데 연기는 봐줄만 한 것 같음
관람객,뻔한 시나리오에 언제 뭐가 나오고 뭐가 터질지 다 알 거 같음 좀 많이 뻔함 엔딩도 걍그런 영화..굳이 12000원내고 보기엔 상당히 아깝고 그냥 비추
관람객,OO들이 차광고 이OO만 하노ㅋㅋㅋ 차에 폭탄이 주된 흐름인데
관람객,칭찬할게 없어서 조우진 연기만 칭찬하네 ㅋㅋ볼만은했는데 역시 국산영화...
관람객,조우진의 연기력 말고는 다 별로였어요.. 허접한 CG에 스토리도 별로였네요
관람객,난 재밋는뎅 ... 연기 너무 잘함 ....
관람객,조우진 과한연기 잘봤습니다.. 첫주연이라서 그런지 좋아했던 그 느낌이 아님 아쉽드만요. 예전처럼 자근자근하게.님만의 연기 부탁해요
관람객,돈주고 볼만한 영화가 맞나요
관람객,조우진님의 연기가 몰입을 도와줘서 지루한 스토리를 견디게 해줬다. 연출도 몰입에 방해되지 않게 예측가능하게 이어졌다.
관람객,우리은행 사태를 다시 재조명할수있게 해준점은 좋으나... 개봉시기를 잘 맞춘듯합니다... 전체적으로 킬링티임용으로 봐야하는 영화입니다
관람객,"1시간 반 내내 긴장감이 멤돌고, 조우진이 주연으로 나온 것을 처음 봤는데, 연기력 인정!"
관람객,조우진 연기만으로 존재의의를 다한 영화.
관람객,이 영화는 한 배우의 연기력을 알 수 있는 영화
관람객,이해가안되는 스토리 어이가없네
관람객,아 신파좀 그만 넣어 안질리냐?
관람객,돈주고 볼만한 영화는 진심 아닙니다지창욱 팬이면 좋아라 보겠지만...극장 말고 나중에 공짜로 보세요킬링 타임용
관람객,영화를 본 후 리뷰 쓰는건 처음이에요 미쳤어요 영화보고 시간과 돈이 아깝지 않다고 생각한 영화는 정말 드문데 이 영화는 그 드문 영화에 속해요! 추격씬과 스토리 속에 숨겨진 슬프고 현실적인 진실들도재밌고 스릴있게 잘...
관람객,연기는 좋은데… 아 고구마 백만개..
관람객,너무좋은 음향과 연기력 그리고 부족한 스토리...
관람객,초반부는 볼만함 그런데 포위씬 이후로 개연성 개주고 억지신파오짐  무엇보다 개연성 개박은게 너무 화남  미취학아동이 대상이야? 만든 노고가있으니 2점.
관람객,폭탄소재영화를  긴장감있게 잘연출함 조우진연기 진짜 대박임  대단했고 진경도 인상적임 재밌었음
관람객,과도하게 평점이 좋아서 별점 두개 줄려다 하나 준다. 지루하고 뻔한 전개에다가 소리가 시끄러워 잠도 못자는 고통을 준다... 감상포인트가 없어서 연기를 선택했지만 연기도 그닥...
관람객,조우진연기 보러갔는데 잘함
관람객,중간에 주인공과 범인이 조우하는 과정빼고는 전체적으로 마음에 든다고 느낍니다.
관람객,"40년 평생 처음 영화관에 가서  처음 마스크끼고 본 영화.  주인공 이름도 모르고 보러갔는데,  조우진 연기에 놀라고  범인이 지창욱 너무 잘 생겨서 놀라고  제네시스 문짝없이도 잘 달려서 놀라고.  내가 좋아하는..."
관람객,"배우들 연기력은 진짜 대박입니다. 해운대 홍보 제대로 해주셨네요. 재미를 뛰어넘어, 영화 보는 내내 마음이 불편할 정도였어요. 엔딩은 다들 별로라네요..."
관람객,조우진님과 아역들의 연기가 좋았고 몰입도가 좋았습니다
관람객,눈물나는 장면도 있고요.삶에대해 생각하게 만드는 의미있는 영화였습니다.한시도 놓치기 아까운 쫄깃한 영화였습니다.
관람객,연기는 잘 하시는데 내용이 진부하고 억지로 눈물 짜내려고 하는 느낌이라 크게 와닿지는 않았어요
관람객,영화 시작부터 끝까지 제네시스 광고라는 것을 알 수 있는 부분.
관람객,"예전에 개봉한 더 라이브 영화 생각나네요.차에서 촬영한 비중이 커서 그런지 모르겠는데,지루하고 집중도 안되네요. 그나마 여자 주인공의 연기가 인상적이 였어요."
관람객,감성자극 눈물 펑탄탄한구성베리굿
관람객,영화관비 천원올랐는데? 이걸 어쩌냐! 쓰레기봉투 20리터 590원!
관람객,제네시스 GV80 광고 보는줄 알았습니다..하지만 사고 싶은 차가 됬습니다.
관람객,전개가 흥미진진하고 영상 사운드가 주는 매력이 있음
관람객,조우진 연기 너무 잘해요 몰입감 쩝니다 다들 보세요 조우진 파이팅 흥해랑
관람객,청량리롯시 ] 나름 참신한 소재 같으면서도 허전한 느낌이 든다. 코로나시국에 손익분기점 리스크 줄이려 예산 먼저세우고 거기에 맞춰 스토리 잡고 배우 캐스팅한 느낌이다. 배우 외 부분에는 예산투자가 아까웠던걸까? 훌륭...
관람객,연출을 넘어서는 조우진 님의 연기가 몰입을 이끌어갑니다. 도깨비 이후로 코믹연기를 많이 하셨지만 다른 면을 많이 보여주신 것 같아 다음 작품도 기대됩니다.
관람객,재밌어욥~~~!!!!
관람객,이게 도대체 왜 재밌다는거지..ㅠㅠ gv80홍보영상 + 신파  끝... 파이프라인급 재미던데 연기는 좋았습니다.
관람객,"정말 최악이네요. 스토리도 없고, 재미도 없고, 감동도 없고.... 그냥 시간만 날렸습니다. ㅜㅜ"
관람객,차광고라는 말은 동의하고 ㅋㅋㅋㅋ 그래도 이쁘기도하고 내용에 크게 연관은 없습니다만... 개인적으로는  경찰을 너무 빠가사리로 만든거 아닌가 그 부분이 답답했음 걍 개멍청하게만들어둠
관람객,조우진 연기대박제네시스멋있다
관람객,조우진 연기 좋았습니다. 스토리는 빈틈이 많았구요. g80광고 보는거같았어요ㅋ
관람객,"무엇보다 조우진 배우님 연기가 아주.. 대박이였어요 넘 잘하심 ㅠㅠ원래 이런 장르 영화 좋아해서 재밌게 봤는데, 딱 그 정도 영화들이랑 비슷한 느낌!? 막 이런 장르 타영화에 비해 엄청 뛰어나다 떨어지다의 느낌은 없..."
관람객,정말 전형적인 한국영화 느낌이였구요 초반에 그나마 끌고 가던 긴장감이 중간부턴 그냥 뚝 끊어지더니 주워담아지질 않더라구요.. 캐릭터설정 상황설정도 뻔함보다도 납득이 가질 않는 개연성이 젤 황당했습니다
관람객,"드라마틱하며 정제된 연출, 아름답고 스케일있는 도심의 스카이뷰, 긴장과 해소를 넘나드는 OST, 짜임새가 탄탄한 각본과 연출이 감각적입니다."
관람객,엄청 몰입하고 봤습니다 재밌네요
관람객,조우진 연기는 믿고본다.
관람객,원작입니다https://m.imdb.com/video/vi3719019289?playlistId=tt3169770그래도 감동있네요.
관람객,처음 어떤 일이 일어나면서부터 급속도로 휘몰아친다. 적어도 대부분의 관객은 달리는 차 안에 함께 있는 기분을 느꼈을 것이다.
관람객,좋 았 다 부 산 사 람 으 로 써
관람객,"식상하다. 어디서 본듯한 뻔한 소재말고 기발한 아이디어 없나? 감독, 작가들아? 배우들이 아깝다."
관람객,레트리뷰션 응징의 날 리메이크 영화라네요
관람객,가정에 소홀한 성공한 아버지와 아들 딸자가용이라는 공간에서 가족애를 느끼게 하는 영화명품배우들의 연기 좋았습니다
관람객,너무 신파로 끌고가는건 좀 그랬는데 스릴있긴했음 뒤로갈수록 지루ㅠ
관람객,조우진 연기와 한국사회를 저격한 인물 설정이라 5점이라도 줌. 뻔한 진행상황에 어이없는 결말 + 한국영화 특유의 억지감동. 몰입이 오지게 안됨. 진짜 볼게 없어서 어거지로 선택해야 볼 영화임.
관람객,말해뭐해 믿보배가 다있는데
관람객,제네시스 광고 치고는 재밌었음요근데 광고를 왜 돈내고까지 봐여하는지시나리오 대사 다 제가 어디서 본거 짜집기해서 쓴거같아요줄거리 안봤는데 다 그려지고대사도 깊이가 없어요복붙복붙상황도 어이가 없어요부산의 모습은 아름답...
관람객,Gv80구매했심더.  기분째짔지예. 어제 네번째로다가 ㅂㄹㅎㅈ들어갔심더.  어데에 그런기능있슴니꺼? 에휴  어이상실했뿟네예
관람객,그냥 지창욱이 너무 잘생김
관람객,이년만에 남편과 영화관에서 관람했어요.아쉬움이 커요….
관람객,세부적으로 들어가는 스토리가 있지는 않지만 뭔가 단편적인 스토리에 현대 인간사가 어떤지 다 담아놓은 느낌 느끼느ㄴ게 많았음
관람객,사운드 훌륭!  스릴감 좋음!
관람객,조우진 형님 연기만은 인정.
관람객,조우진 연기보는내내 정말 힘들겠다는 생각함 그정도로 잘 표현하심..지창욱 목소리연기도 좋고 나중에 등장해 존재감 뿜뿜..스토리 별거 없을거라고 기대감없이 봤다가 흥미진진하게 잘봄
관람객,조우진의 신들린 연기력 그리고 그 연기력의 발끝도 못따라가는 시나리오. 각 장면별 연결고리는 어색했고 결말은 뜬금없었다. 유투버들이 해주는 설명이 영화의 전부였다
관람객,완벽해요 엄청 스릴도 있으면서 마지막 명장면... 진짜 눈물 광광 쏟았음요 무엇보다 조우진배우님 연기 진짜 최고... 딸 역할로 나오시는 배우님도 연기 엄청 잘하셔서 몰입이 개잘됐음요 와중에 우리 창욱 오라버니 보고...
관람객,뻔한 내용. 개연성 0. 그 남자형사는 대체 ㅋㅋ 형사가 맞는지도 의문
관람객,시간 많이 남으신 분들 보시길 에휴...
관람객,재밌습니다. 배우들 연기보는 맛이있어여 ㅎㅎㅎ
관람객,조우진 배우의 첫 주연작 잘 보고왔습니다.뻔한? 스토리일수도 있겠지만 법이 제대로 해결해주지못하니 억울한 피해자들이 생겨나는것이고 또 그 억울함이나 피해가 해결되질않으니 극단?적인 방법을 이용해서라도 복수?아닌 복수...
관람객,조우진과 제네시스 가 돋보인영화~~그런대로 지루함이없이 쫄깃~~*_^
관람객,초반까진 재밌었음 근데 뒤로갈수록 답답한 장면들도 많았고 그냥 딱 결말은 클리셰 그자체였던거같음 주인공버프...ㅋㅋ 그래도 주인공 연기력 만큼은 별점 다 주고싶음 연기력 덕분에 엄청 몰입해서 볼 수 있었는듯 ㄹㅇ연기...
관람객,호박고구마 ... 호박고구마 고구마
관람객,첨에는 스토리 시작 때매 내용을 우겨넣은 느낌이라... 별로였는데 중간에 추격씬과 사람을 보는 사람이 다 스트레스 받게 할 정도로 주인공한테 과몰입도 됐었음(내 기준) 문득문득 대사가 'Aㅏ... 저런...&...
관람객,터 트 릴 꼬 에 용! 듣고 잠들었다
관람객,조우진 연기에 보는 내내 긴장감 넘치는 영화재밌게 봤어요!
관람객,중간중간 암 걸릴뻔함;;
관람객,
관람객,착하게 살자... 아니 나쁜 짓 하지말자... 업보가 되어... 돌아온다...
관람객,조우진 연기는 좋았음 근데 뻔한 클리셰에 내용도 한국식 감동 쥐어짜기도 심하고 뻔하고 시시한 결말… 이거 볼바엔 폰부스를 보자!
관람객,너무너무 재밌음..연기 대박 오랜만에 괜찮은 영화 본 것 같음
관람객,킬링타임용으로 본건데 생각보다 꿀잼이어서 시간순삭ㅋㅋㅋ 지창욱 마지막에 나올때 임팩트 쩔었다
관람객,주인공 아조씨 연기 잘하시네글구 지창욱 넘 잘생겨써ㅜㅜ
관람객,꼭 보세요 ㅈㄴ감동적이고 긴장감을 놓을 수 없는 영화임
관람객,제네시스 문짝 다 뜯겨서 달린게 대박ㅋ 마무리가 허무했다.
관람객,처음부터 끝까지 불쾌한 영화 그저 이슈를 만들싶었던듯
관람객,스피드라는 영화가 자꾸 떠올랐는데 도로위 자동차 씬들을 찍을 때 특히 애를 많이 쓰지 않았나 싶음. 스토리적으로 과잉감정이 거슬리지만 한국판 스피드로써 나름 선방함.
관람객,나도 감독하겠다.  에고
관람객,조우진+아역연기+카메라팀 삼합 맛이떠
관람객,"저네시스, 조우진 연기력, 지창욱 목소리, 이야기는 어디선가 본듯한 내용 더테러라이브 인줄"
관람객,이런 발로 쓴 스토리에다 가족의 의험상황에 집서 티비보는 김지우는 도대체 이게무신 말도 안되는 연출! 옆에서 남편이 나올 대사를 얘기해줄정도로  뻔한 스토리!코로나로 영화보고 기분 풀라다가  더 우울해짐 조우진님  ...
관람객,개봉한지도 모르고 스릴러라는 장르만 보고 갔는데 너무 재밌게 보고 왔어요옆에 앉으신 아주머니 중간중간 소리질러서 그 소리에 더 놀라고 왔지만....
관람객,다들 연기 너무 잘하시는거 같아요~최고였습니다~ 한번 더 보러 가고싶네요
관람객,이 영화가 전달하고자 핵심은 인과율이다. 제일 중요한 명제이기에 연출.연기력을 논외로 하고 핵심 주제로만 만점을 준다. 남에게 피눈물 흘리게하면 반드시 돌려받는다. 남에게 상처줬던 기억이 있다면 늦기전에 사과하고 돌...
관람객,감독이 무얼 전달하고 싶은지 모르겠어요 공짜로 다시 보라해도 안봄
관람객,조우진씨 연기 지립니다.... 영화관 보다 자동차 극장에서 보세요 실감나요!!!
관람객,재밌다 스토리하고 감동의 조화
관람객,지창욱 나와서 영화가 더 집중이 잘되어 잘보았습니다!
관람객,13000원 짜리 제네시스 광고. 노잼
관람객,기대이상이네요아래 리뷰들 보고 망설였는데 ?반전의 반전 재밌게봤어요 착하게살자~
관람객,부산에 살고 있어서 더 재밌었음. 조우진 연기 너무 좋고 자동차씬 실감남. 스토리상 조금 아쉬운면도 있지만 이정도면 추천할만함. 8.5~9점을 주고 싶은데 8점 아니면 10점밖에 없어 아쉬움.
관람객,진짜 별기대없이 보러갔다가 큰 감동받고 나옵니다 일단 연기구멍없는 점이 좋았습니다 심장 쫄깃해지는 긴장감과 억지감동이 아닌 진실된 감동이 있어서 만족합니다 조우진님 연기에 박수가 절로 나옵니다 섬세한 감정 연기 감동...
관람객,
관람객,연기가 너무 인상적이었어요생각지도 않게 울고나왔네요몇몇 아쉬운 연출장면도 있지만완벽한 작품이 어딨나요몰입감이 정말 좋았어요
관람객,조우진배우  다시 보게끔 만드는 영화 그게 다임 요즘 김향기 스포크 영화버젼 광고처럼그냥 제네시스영화 광고버젼
관람객,재미지게 잘밧슴니다.조우진 배우님
관람객,아직 보진 않았는데 맘에 들음
관람객,와놔 진짜 코로나시국에 영화보러가서 영화관 다시는 안가고 싶을 정도... 긴장감이라곤 찾아볼 수 없는 연출력과 시나리오에 혀를 내둡니다
관람객,좀 지루함. 개연성이 좀 억지로 짜맞췄음
관람객,재미있었어요~ 시간 순삭!
관람객,"영화관에서 나오면서 느낀점너무답답했다, gv80예쁘다, 조우진연기 잘한다, 다른영화 볼걸 그랬나"
관람객,시작은 좋았지만 끝으로 갈수록 너무 너무 지겹고 고구마  먹은듯 답답...연기력 말고는 볼게없는 영화.
관람객,"조우진 연기 미쳤다,제네시스 예비구매 수요층에겐 마음의 확신을 가지게 해주는 영화 ㅋㅋ"
관람객,스릴러를 좋아해서 그런지 정말 재밌게 봤습니다 보면서 계속 아빠 생각났던 영화
관람객,폰부스를 모티브로 한건가?
관람객,"조우진, 지창욱님의 연기가 중심을 매우 잘 잡아주었다고 느꼈습니다. 감독님의 의도인지는 모르겠지만 영화 다 끝나고 나오면서 은행에서 하는 말은 다 믿을 수 없구나ㅜㅜ 뼈때리는 교훈으로 알려주는 영화였어요!"
관람객,스토리가 조금더탄탄하면 좋았을걸아쉽지만역시 조우진 연기....몰입도최강이다..
관람객,조우진연기 매우 좋아요
관람객,지난주 일욜 보고 왔는데 진짜 연기력 하나는 끝내줍니다 ㅎㅎ부산사는 사람이랑 봤는데 송도(송도 맞나..기억이 ㅋㅋ)에서 해운대로 바로 이어지는 장면 보고 웃더라구요 ㅎㅎㅎㅎ암튼 나름 볼만해요~
관람객,연기는 좋은데 스토리가 부실하다. 특히 경찰들 폭탄물처리반 멋있게 등장하고 결국 말로 회유만 하고 있을 때 긴장감도 없고 증말 답답...
관람객,
관람객,제네시스와 조우진이다
관람객,배우의 연기 점수는 10점. 스토리는 6점. 중반 이후의 스토리가 아쉽네요.
관람객,내가 밤에 영화보면서 안졸면 훌륭한 영화... 어젠 한번도 안졸고 끝까지봄. 킬러의보디가드2 보면서 내내 졸았던것에 비하면.
관람객,조우진이 찍는 영화는 또 보러가야겠다는!
관람객,뻔하고 정신없는데 정신없이 빨려든 영화배우분들 다 연기 정말 잘하시는 거 같아요
관람객,부산 너무 멋지네요  연기도 멋있었어요
관람객,조우진 배우님의 첫 주연작 축하드립니다.새로운 소재인 것 같아서 재밌었고 완전 심장이 쫄깃해지는 영화였습니다.지창욱 배우님도 한편으로 이해할 수 있었습니다.감동적인 내용도 섞여있으니 정말 눈물 뚝 흘릴 뻔 함..
관람객,기본에 충실한 영화. 그래 한국영화 이만큼만하자. 내용은 조금 뻔해도 배우들의 연기. 영화음악. 그리고 편집. 보는내내 집중이 되는 한국영화였다.
관람객,우와 스릴러있어서 보면서도 다리가 쥐날정도는 아니였고 다리가 떨려서 무서워갔고 오줌지릴뻔했어요 우왕 무시워라 그런데 한편더 보고싶은...정도 ㅋㅋㅋ재미있었어요 개봉하는날에봐서 더 스릴넘쳐용
관람객,
관람객,진짜 너무 재밌음.. 리메이크작인데 훨씬 재밌는듯
관람객,기대없이 봤다가 질질 짜고 나옴
관람객,
관람객,간결해서 좋음. 지루하지않음
관람객,혼영으로 봤는데 재미났어요~음향효과가 한몫했구요 진짜 조우진씨와딸로 나온 이재인씨 케미가 너무 좋았어요...저는 중간중간 뭉클했다는...부산 투어한듯^^
관람객,끝까지 후회없이 잘 보았습니다조우진님과 지창욱님 연기 찐 짱입니다.
관람객,감상평 보다보면 뻔하다 하지만 절대 뻔하지 않음.새로운 접근 방식의 범죄물 감상퍙 때문에 제네시스 ppl처럼 느껴질 수도 있음.감상평에 맡기며 영화를 보기보단 영화 편견 없이 보면 재밌습니다.전 다 괜찮았음 연기력 ...
관람객,이재인씨 사랑합니다. 조우진님 연기 진짜 잘 하세요
관람객,"초반부에 잠  안오고  본건 첨인듯,전개가  지루하지않아 좋았던거같고,조우진배우님 역시 연기 잘하시고,목소리 넘 좋아요^^제가 좋아하는 지창욱 배우님도 나와서좋아여~  전 만족해요^^"
관람객,영화 중반까지의 극전개는 가히 최고다 억지로 시나리오의 기승전결을 이끌어내려는 한국영화의 한계만 벗어버린다면 아쉬움이 덜할듯
관람객,조우진과 지창욱의 연기가 돋보였던 작품입니다
관람객,진짜 너무 재밌고 배우들 연기 진짜 짱임
관람객,gv80광고그와중에 조우진 하드캐리 보는내내 연기에 감탄했음
관람객,초반부터 긴장감있는 연출로 끝까지 지루하지않게 봤음!! 그리고 확실히 차 광고스럽긴 했던 영화였숨 차 좋으니까 잘 달리더구먼
관람객,조우진 연기가 좋아요!!!
관람객,"오랜만에 잼난 영화,  시간이 금방 가네요. 제네시스 멋지고"
관람객,
관람객,제네시스 에어백 성능 좋네요 ㅋ
관람객,
관람객,
관람객,
관람객,조우진의 재발견그리고 제네시스 광고 ㅎㅎ연기는 좋으나 가족애로 포장은 실패를…결말속에 과정을 넣을려고 하니 이야기가 부족하네요.
관람객,"일단 조우진 연기는 좋았습니다. 제한될 장소에서 단지 표정연기로 극을 이끌었으니까요. 하지만 연출은 매우 안타깝습니다.예상가능한 전개, 이야기 중반부터 확 떨어지는 긴장감, 마지막 결말에서는 문제해결에 대한 고민이 ..."
관람객,몰입감과 조우진의 지리는 연기보는네네 감탄 하였습니당 :)
관람객,영화 중반까지는 볼 만한데 뒤로 갈 수록 뻔한 스토리에요. 영화 자체는 별로지만 배우들이 연기를 잘해서 보는 내내 몰입감이 장난 아니에요.
관람객,조우진이 아니면 못할 연기♡역시 믿고 보는 배우~ 그 연기에 너무 짠한 마음이같이 느껴졌어요~ ^^ 올만에 본 영화라 기분 좋고~좋은 작품 봐서 좋고^^
관람객,조우진배우연기에.목숨걸고최선을다하는모습
관람객,지창욱이랑 닮았다고 생각했믄데 진짜 지창욱이었네 ㅋㅋㅋ 어쨌든그냥 흔하디 흔한 폭발물(?) 영화임 ㅋㅋ비슷한 영화인 퀵이 더 스릴있움음
관람객,연기는 대박 좋았고 음악도 잘 어울렸습니다. 연기는 진짜 모든 배우들 다 잘하신듯. 근데 스토리는 좀 아쉽네요.
관람객,제네시스 광고하려고 만든영화같아사 거부감이 들지만 조우진에 연기력과 절묘한 음악삽입으로 묘한 긴장감과 감동요소로 재미는 있습니다.스토리 부족과 너무 노골적인 광고 요소만 빼면킬링타임으로 볼만한 영화같네요
관람객,너무 뻔한 스토리에 실망 ㅠㅠㅠ 그리고 제네시스 광고가 너무 과한 것 같습니다.. 그래두 조우진의 연기가 살린 것 같습니다
관람객,지루할틈이없음 추격자 이후로 갠적으로는최고다
관람객,조우진이기때문에 가능한연기최고입니다
관람객,남한테 피해끼치고 살아선 안 된다.
관람객,차광고는 이제 그마아안~~~ 보는 내내 차에 포커스 ㅋㅋㅋ
관람객,조우진배우님과 아역배우들 연기가 훌륭했고지창욱배우님이 나오는 장면이 짧아서 아쉬웠음.
관람객,주연진들의 연기가 인상깊습니다
관람객,배우님들의 연기력에 비해 오류가 많은 스토리들이 조금 많이 아쉬웠습니다.너무 뻔한전개와 결말부분도 조금 실망했네요긴장감은 그래도 어느정도있어서 별점 5개 남깁니다
관람객,헐리우드 영화 “스피드”에서 속도감을 줄이고 신파로 채운 부산관광공사 협업 스릴러물이랄까. 전체적으로 나쁘진 않은데 호흡 조절을 너무 못한 듯. 배우 연기 덕분에 볼만은 하다. 조우진이랑 이재인 연기 때문에 울었는데...
관람객,협박을 받은 주인공의 직업이 은행 간부인 것과 주인공 부하 직원의 차를 바로 폭파시킨 것에서 스토리를 바로 예상 할 수 있었다. 중간중간 설정의 구멍들이 많이 보여 전개에 어색함이 있었고 상황 설정에 의문이 많이 들...
관람객,평이 별로라 기대 안하고 봤는데  저는 더 별로 였음 중간에 나왔습니다 개취이니 봐보셔요들
관람객,"우선 영화는 먼저 스토리가 좋아야 합니다.거기에.영상미, 연기력까지 더해지면 몰입해서 볼 수 있는 재미난 영화가 탄생하게 되죠. 이 영화는 소재는 잘 끌어왔습니다. 근데 이게 다 입니다. 좋은 소재로 스토리? 정말 ..."
관람객,정말 시간 가는줄 모르고 빠져들어서 봤어요 ㅋ하정우의 더 테러 라이브랑 비슷한 포맷이긴 한데이건 가족을 중점으로 다룬거라 그런지 감정이입이 되더라고여 ㅋ아 주인공... 죽이고싶더라구여가해자가 불쌍하긴 처음...ㅠㅠ이...
관람객,영화를 만들다 만 느낌 ㅠㅠ
관람객,
관람객,실제로 있었던 금융 사기 사건 모티브를 기반으로 스토리의 중심을 잡았고 거기에 차량 추격 액션을 넣어서 긴장감 있고 몰입감 있게 초중반을 잘 이끌어 갔는데 후반부에 전개가 이상해 지더니 뒷심까지 부족을 보여줘서 아쉬...
관람객,보는 내내 지루했습니다..
관람객,조우진&지창욱 연기가 캐리한 영화. 킬링타임용으로 볼만합니다!!
관람객,괜찮게 봤습니다. 지루하지 않고 조우진님 연기 정말 끝내줍니다. 특히 바다씬.. ..크..압권.
관람객,지창욱도 좋았고 조우진 연기가 쌉 하드캐리함 스토리는 좀 더 개연성이 있었으면 좋았을 것 같음도깨비 때 비서역할이 너무 뇌리에 강하게 남아서 등장할 때까지만 해도 아직 그 이미지였는데영화 진행 될수록 전혀 생각안나고...
관람객,은행원들 현타오는 영화
관람객,제네시스 광고 영상인줄
관람객,조우진 배우님 원탑 괜찮네연기하랴 차 액션 찍으랴진짜 고생 많이 하셨을듯헬기 등장씬 멋있었음ㅋㅋㅋ차량액션도 이정도면 볼만함음악 연출도 굿 덕분에 몰입했음
관람객,원래 영화보고 리뷰는 남긴적이 없는데저는 정말 여운이 많이 남는 영화네요 주인공 배우분의 연기력에 놀랐고 가족에 대해 깊게 생각해보게 됐어요 아마 시간이 지나도 이 영화가 생각이 날꺼 같아요  정말 잘봤습니다..!
관람객,영화내내 지루할 틈없이 잘 봤습니다
관람객,스토리 기대하고 보지마시길ㅠㅠ 대사마저 엄청나게 뻔하고 내용이 허술해요 등장인물 행동 답답 경찰 왜 이렇게 멍청하게 나오지...그래도 나름 스릴있고 배우 연기력은 진심 진짜 좋아요. 그냥 킬링용 타임으로 보기에 괜찮...
관람객,"훌륭한 연기, 훌륭한 소재. 하지만 뻔한 전개"
관람객,조우진 연기는 물론 재미도 있었다다만 결말은 아쉽다!
관람객,조우진배우가 다 한 영화 연기 최고예요
관람객,한국영화의 수준을 깎아드신 영화같음.영화보다가 나오고 싶은 충동을 처음 느낀 영화~
관람객,오랜만에 재밌게 본 영화.
관람객,뻔한 스토리와 클리셰 떨어지는 개연성... 박진감 넘치는 차량씬 연출이나 조우진의 연기로 그나마 커버치는 영화
관람객,재미없음 킬링타임도안돼
관람객,조우진씨연기는 최고이지만 영화스토리는 정말 고구마네요
관람객,조우진때문에 봤는데 실망하진않았습니다100% 띵작인진 모르겠습니다 그래도 볼만합니다
관람객,기대 별로 안했는데 생각보다 재밌었어요! 긴장감도 있었고.. 킬링타임용 영화 찾으시는 분들 보시면 만족하실듯!
관람객,중반부부터 몰입도가 떨어지고 내용전개가 너무 뻔해서 내돈 주고 보긴 돈 아까움 부산+제네시스 광고한편 보고 온기분 담날 부산으로 드라이브 다녀옴
관람객,조금 부족약간의 반전이 있었다면 좋았을듯배우의 연기력으로 넘어감 그래도 보라고 추천함
관람객,
관람객,집에서 보는 킬링타임용 정도네요
관람객,역시 수쌤 심폐소생술 잘하시네요
관람객,부산한번 가보고싶다
관람객,긴박감 넘치는 초반부만
관람객,지금영화관에서 보고있는데 진심개노잼 와진짜ㅋㅋㅋㅋ
관람객,차광고좀적당히하지 신경쓰여서 몰입이안댐
관람객,애다리에서 갑자기 왠 피가 터지는데??? ㅋㅋ
관람객,제네시스 홍보 쁠라스 갑자기 나온 대백과사전
관람객,gv80 광고영화 너무 노골적인듯
관람객,아빠가 잘못했네 ㅎ조우진님 연기에 몰입했네요ㅎ
관람객,기대 많이 했는데 기대한만큼 너무너무 재밌었어요. 알고보니까 원작 영화가 있던데 거의 비슷한듯 !! 차안이라는 한정적인 공간에서 이루어지는 영화임에도 불구하고 지루할틈 없이 스릴 넘치고 너무 재밌었어요 ! 감동적인 ...
관람객,조우진때문에 반개 주려다가 별 한개 준다 진짜 요즘 한국영화 왜 이러냐
관람객,히든카드 지창욱...역시 믿고 보는 지창욱이다.
관람객,너무 스릴있으면서 감동도 놓치지 않는 영화
관람객,조우진의 고군분투. 시원한 부산해운대일대를 샅샅이 다니며 보여줘서 여행가고싶은 대리만족을 느끼기에 충분하며 긴장감과 스케일큰(헬기등장씬) 우리영화를 오랫만에 보게되어 너무너무 좋았네요. 병맛영화 킬러2가 졸리고 음담...
관람객,거너무심한거아니오.. 연출은 개나줬나 gv80밖에 기억에 안남네
관람객,위험 금융상품에 투자했다가 돈날리고 은행직원 탓하는 이야기
관람객,
관람객,
관람객,이런 영화는 금방 tv에서 뭐 특집이니 하면서 금방 공짜상영되니 집에서보세요.돈받고 봐줘야 하는 영화 입니다..
관람객,평점 7점 드립니다 그냥 그런....
관람객,제네시스에 의한 제네시스를 위한 제네시스가 후원한 그런 영화제네시스에 관심있다면 꼭 볼 영화1시간 30분 풀타임 제네시스를 볼수있다
관람객,조우진의고생이보였다...평점은7.8점주고싶다
관람객,뻔한 스토리라고 하는데 영화에 집중되서 그런거 생각이 안나요! 정말 몰입도 최고입니다! 그리고 오늘주터 드림카는 제네시스 G80입니다ㅎㅎ
관람객,연기는 좋았으나.... 너무 질질끌고 지루했어요..
관람객,
관람객,"평점..: 제네시스 광고, 문짝 떨어져도 잘달리는 제네시스"
관람객,비슷한 내용의 영화들이 많아서 보면서도 그 영화들과 비교되는데 퀵이 더 재밌어요. 하지만 연기는 정말 극찬합니다. 제네시스 홍보가 최대의 목적인거 같은데 아주 성공적이었구요.
관람객,조우진 배우님 연기가 다 함.... 최고
관람객,"폭탄을 깔고앉은 주인공의 절박한 심리와 감정을 관객들에게 설득하는데 포기한 연출, 대충 뭉개고 가다 신파로 조지는 결말부까지... 영화가 총체적 난국이다..."
관람객,긴장감 끊김없이  빨려들어가 공감하다 눈물 찡하다 넘 잼나게 봤어요~~
관람객,소재는 신선하나 디테일이 부족루즈하고 진부함
관람객,아역배우들 없었으면 더 좋았을텐데...      중반까지만 재밌음
관람객,"어이없는 영화    재미도 없고, 감동도 없고, 뻔한스토리에, 연기도 어색하고.난생처음 영화표 아깝다는 생각을함.  보다가 잠.절대 비추합니다."
관람객,간만에 감동적이고 짜릿한 영화감상 했네요. 와아 조우진님 연기 장난없네요~!!
관람객,영화관 나가게 하고 싶은 스토리
관람객,배우들의 연기가 돋보이고 몰입감이 조진다
관람객,이 영화를 보는데 너무 재밌으면서 감동적이었어요조우진님이 연기를 너무 잘하신 덕분에 재밌게 봤어요^^
관람객,20년 1월 이후 영화관 ... 킬링타임용은 되겠지 했는데 사실 그것도 아니더라. 너무 억지..억지..
관람객,제네시스 광고 지대루 보여주는 영화였고 후반부에 좀 마음에 걸리는 부분도 있었네요
관람객,아주 재미있게 봤어요. 쓰릴있고  박진감 넘치는 장면도 꽤 있고. 역시 주연배우의 실감나는 표정연기가 영화를 살린 1등공신이구요. 시간이 금방 지나감.
관람객,보는 내내 긴장감이 넘쳤고 조우진의 연기 역시 믿고 볼만한 배우라 생각합니다! 굿!
관람객,"초반 박진감 덕분에 4점 드립니다. 우리나라 영화는 아역 빼면 영화 안만들어진답니까,.,? 신파좀 그만 작작 제발 하나도 안슬픔 제발. 그냥 진짜 여름에 시원하게 액션물로 가지....중간에 졸려서 다들 화장실 가고 ..."
관람객,조우진 배우는 연기는 잘하는데 시나리오 작가가 개연성 없이 작품을 쓴거 같음. 딸이 차에서 안피하고 앞자리로 앉는거 보고 황당했슴. 이게 스토리에 개연성이 있는 내용인가? ㅠㅠ
관람객,"도심 속 추격 스릴러 가족,친구,연인과도 볼만해요~"
관람객,오랜만에 영화봤는데.. 기대안하고 보았는데기대이상 잼있게 봤어요^^~
관람객,너무 좋은배우의 좋은연기 잼잇어요^#
관람객,Gv80이 아니라 스팅어 였으면
관람객,뻔한 상업 영화 인줄 알았는데 시계 한번도 안보고 몰입해서 본 영화
관람객,그냥  먼가 좀 그럼 ..연기들 좀 가족애 좀 오바스러움  표정들도  그냥  억지로 하는 자연스러운 감들이 없음...그리고  답답한  장면들도 있고 ㅋㅋ  그냥 저냥 시간 때우는  정도  연기력들이  오바스러움 억지...
관람객,104분 짜리 GV80 광고 ... 돈내고 광고보러 온줄 ....
관람객,처음부터 영화 끝날때까지 긴장을 놓을수없었다 아무리 재밌게 본 영화도 이렇게 감상평 적은 적이없는데 조우진 배우님의 연기의 몰입감은 정말 대단했다 연기 잘하는건 알았지만 이번 영화에서는 조우진 배우님의 연기력을 모두...
관람객,몰입감 있게 봤어요. 사운드트랙이 너무 좋았던거 같아요
관람객,초반은 괜찮았는데 뒤로 갈수록 현실성이 떨어지고 우리나라 영화속 경찰은 진짜...ㅋㅋ 그냥 제네시스 광고영화 같았어요~아주 살짝 폰부스같은 영화를 기대했는데 아쉽습니다. 조우진님 연기도 나쁘지 않았는데 영화 자체가 ...
관람객,연기가 살린영화 도심의 질주가 더많았다면 아쉬움
관람객,저는 스릴도 있었지만 가족애가 보여서 많이 울었습니다 오랜만에 재밌는 영화봐서 좋았습니다 앞으로도 좋은 작품 부탁드려요 ^ ^
관람객,"이 영화는 !1. 부산 해운대 집값 올리기 위한 영화다 ! / 부산 해운대 지역에서만 거의 90% 이상을 찍었다 !2. 현대 자동차 홍보 영화이다 !영화를 보면, 왜 ? 이런 말을 하는지, 알 것이다 !  나와 동행..."
관람객,몰입도는 조금떨어지나 초반 긴장감과 배우들 연기는 괜찮음
관람객,조우진 배우님 연기에 몰입되서 재밌게봤습니다 최근 봤던 영화중에 최고였어용~~
관람객,너무 쟤미있게 봤어요~~감동도 있었구요~
관람객,조우진의 혼신의 연기가 영화를 이끌어간다. 리듬감있는 편집 기술과 다른 배우들의 연기가 더해져 이만하면 튀지 않게 잘 나온 것 같다.
관람객,끝까지 버티기 힘듦. 음악.배우들은 ..니가 그기서 왜  나와....앉아서 해운대 구경한것으로.
관람객,제네시스 광고 너무 티나는거 아니냐? ㅋㅋ
관람객,코로나때문에 힘든시기에 오랜만에 집중하며 봤어요. 가족애도 좋고 처음부터 끝까지 시간가는줄 모르며봤네요. 재밌게 잘 봤습니다. 문없는 제네시스라도 타보고싶네요ㅋ ㅋ
관람객,고구마 백만개 영화. 사이다 없음. 진짜 보는 내내 답답해 죽을뻔
관람객,조우진 첫주연인건가?축하드립니다^^감정연기 너무 소름입니다앞으로도 좋은활동 부탁드려요~
관람객,조우진 연기 잘하시는거 믿고 보러갔는데 조우진연기는 정말 일품입니다영화도 괜찮아요
관람객,와 이시국에 젤 재밌게 봤어요 ㅠㅠ 첨부터 끝까지 흥미진진하구 감동까지..굿
관람객,그냥 재밌음!! 스토리가 진부하다고 생각할 수 있지만 나는 너무 재밌었음...
관람객,원래 영화보고 리뷰 잘 안 쓰는데 이 영화는 재밌었던 것 같다. 조우진 배우님에 색다른 모습도 볼 수 있었던 것 같고 무엇보다 연기력이 너무 좋았다 영화 장르가 스릴러 였지만 의외로 슬펐던 장면이 더 많았다
관람객,중반부까지의 속도감은 대단했다. 하지만 개인적으로 후반부가 조금은 아쉬운 감이 있다
관람객,정말 재밌게 봤음. 배우들 연기 짱짱. 근데 배경음악이 너무 커서 약간 거슬렸음ㅠ
관람객,조우진 연기가 ㅎㄷㄷ..
관람객,레트리뷰션이란 원작도 망했는데 이건 그것보다도 노잼.
관람객,긴장감 메세지 좋았다 굿굿귯
관람객,연기도 잘하고 몰입도도 좋고 재밌게 잘봤습니당^~^
관람객,조우진의 연기가 가장 빛났던 영화!재밌게 잘봤습니다^^
관람객,"똘똘한 영화다. 서론이 길지않고 바로 본론에 들어가 전개속도가 빨라 몰입감을 높인다. 영화를 보고 난 뒤에는 아쉬울 순 있으나, 빠른 전개와 짧은 런닝타임, 연기력이 잘 맞물리며 관객들에게 딴 생각을 못 하게하는 게..."
관람객,스토리 누가 썼냐..제네시스 광고 떡칠 ㅈ됨이게 말로만 듣던 돈세탁 영화인가 싶음이 댓글은 조만간 사라질거같음 ㅋㅋㅋ평점 조작할려면 ㅎㅎ
관람객,"조우진배우님의 표정과 목소리톤, 미세하게 움직이는 감정이 보이는 눈빛연기 … 정말 영화 보는 내내 조우진 배우님의 연기에 감탄했습니다. 운전석에 앉아서 엄청난 큰 액션이 있는게 아니여도 표정괴 눈짓 눈빛 입술의 잔떨..."
관람객,1시간 반동안 지창욱 목소리 자장가 잘들었고요
관람객,
관람객,연기는 나무랄곳이 없으면 스토리의 개연성이 없다전현적인 킬링타임 코리안무비 & 제네시스 광고
관람객,차 문짝은 다 떼까면서 타이어 펑크 안내냐헬기는 장식이가
관람객,잼있어요 시간잘갑니다~
관람객,
관람객,100분도안되는 러닝타임에 별기대없이봤는데 처음부터 긴박하게 스토리가 흘러가서 94분꽉채워서 지루한거없이 내용도탄탄하고 연출도최고.. 내내 긴장하면서보고 나도모르게 상황에 몰입하다 울게되는영화..약간 제네시스광고같긴...
관람객,요즘 시대에 안맞는 스토리 너무 뻔함배우들의 연기는 좋았음
관람객,"흠,,, 이걸 왜 ㅜ,,, 제네시스 광고에용"
관람객,해운대구 주민으로써 현실고증이 너무 빈약하다부산의 영상미를 담겠다는 의도는좋았으나달맞이 장산신도시 중동 센텀 마린시티 바닷가 광안대교 부산항대교 차가 이동하는 동선은 말이안되게 꼬여있고 의도한건지 실수인지 지명또한 ...
관람객,이거 감독누구임? 떡볶이를 했는데 닭날개좀 넣고 도라지도 좀넣고 고등어도 맛있겠다 하고 넣은느낌..
관람객,gv80이쁘다 돔황쳐 무족권 돔황쳐
관람객,와 저는 계속 울었네요 나름 액션인데^^**조우진배우님 상반신 얼굴 클로즈업 첨부터 끝날때까지 계속 나오는데 와 연기자 진짜 연기자 아 조우진 배우님 번호 아시는분칭찬해드리고 싶은데 번호가 없네요~~~
관람객,조우진연기에 감탄연발
관람객,"전반부 8점, 중반부 10점, 후반부 6점-> 뒤로 갈수록 속도감이 급격하게 떨어짐."
관람객,이영화 처음부터 끝까지 달리는 차안에 사제 폭탄이 압도적 관건 이다 감정이입이 몰입감 가족의 존엄성 소중함을 되새기게 하는 작품이다 조우진 연기가 더욱 돋보인 영화 발신제한 입니다
관람객,
관람객,제네시스 광고 재미없움감상 포인트 없음
관람객,조우진 배우님 연기가 일품입니다!!!
관람객,조우진 연기가 쩐다 차광고 느낌
관람객,"난 겁나 재밌게 봤는디... 존잼,,9"
관람객,오랜만에 극장에서 예매해볼만한 영화였음!
관람객,아니 범인이 목소리가 너무 좋은데
관람객,조우진 연기 좋음하허호히
관람객,난 한국판 스피드를 원했다.
관람객,긴장하고 잘 관람했네요
관람객,주연보다 조연 몸값이 높을듯...확실히 조우진님이 주연이니 조연보다 높게책정 된거죠? 궁금해서요처음엔 빠르고 숨가프게 흐르더니 잠시 호흡을 가다듬고 쉬어가는 부분도 있어서 너무 좋았습니다 조우진님 다음에 또 좋은작품...
관람객,김민기 주연 오토바이 퀵 이란 영화와 스토리는 99% 같음. 1시간 반동안 제네시스 광고 + 부산시 PPR (부산에서 투자 많이 한듯) 그냥 코로나 시국이 볼께 없어서 봤음. 10점 중에 딱 4점 3점 정도의 영화 ...
관람객,조우진 배우님 연기를 잘하셔서 초반부부터 몰입해서 봤네요 ㅎㅎ 엄마랑 기분좋게 잘 보고왔어요 ~!
관람객,재밌었어요 죄짓고살지말자는 교훈!
관람객,재미 하나도없어제네시스 타보고싶다
관람객,제네시스 타고싶게 정말 잘 만든 영화네요성공해야겠어요
관람객,gv80광고인줄...차는 멋있다..사고싶게 만드는영화
관람객,조우진님 거의 운전석에 앉아서만 연기하시던데 한시간반동안 영화를 꽉 채우셨다..ㄷㄷ 명품연기 잘 보고왔습니다>.<
관람객,배우들의 연기가 정말 좋았던 영화! 보는내내 지루함없이 봤다!!!코로나땜에 오랜만에 극장간거였는데 후회없는 선택이었음!!
관람객,더 테러 라이브  차량버전...
관람객,현차 광고..소란스러움
관람객,제네시스 가성비 갑이다
관람객,"긴박한 상황에선 등장인물의 행동이 납득과 공감을 이끌어내야 하는데 그러지 못했고,  완급조절 실패와 결국 고질병인 억지로 안고가는 신파가 발목을 잡았다."
관람객,제네시스에서 그랜져로 차바꿈
관람객,별점 무시하고 그냥 보시면 됩니다- 너무너무 잼납니다. 갠적으로 극한직업보다 더더 잼났음- ^^
관람객,남자경찰 답답한것빼고 잼났어요 지루할틈 없이 빠져듬
관람객,조우진연기력 쩌러영 오홍
관람객,하정우만큼  연기를  잘하지는 않지만 그래도 영화표아깝지않게  연기함 나름연기 잘하는듯 여태 주연못단게신기하네 드라마에서도  주연하는 모습 보고싶음 좀더 시나리오와  오디오가 풍성했다면  영화가더재미있을꺼같음
관람객,조우진 연기 진짜 대박 이렇게 연기 잘하는 배우인줄 모르다가 이번 영화로 조우진 재발견 악역 배우들도 연기 잘하고 제네시스 차 너무 갖고싶단 생각이 영화보면서 계속 들었네요 ㅎㅎ 조우진 배우 다음에도 멋진 모습으로 ...
관람객,잘봤습니다 제네시스 gv80 광고
관람객,기대안하고 보았는데 기대이상의 긴박한 재미^^
관람객,조우진 연기 미쳤읍니다.. 그냥 미쳤음
관람객,
관람객,연출이 너무 어설프고 말도 안돼는 흐름때문에 몰입이 안됨 이건 쓰레기임
관람객,스피드× 더 테러라이브 = 조우진으로 완성됨
관람객,양산도 나왔다!!!!
관람객,확실히 배우들의 연기력은 말이  필요없는거같고 보는내내 지루할 틈이 없었음
관람객,감동도 스릴도 백배 넘치는 영화 실화처럼 느끼게 해주는 영화 .. 관객들이 눈물 흘릴정도 이재인 배우님 연기 정말 너무 잘 봤습니다. 관객수 백만 꼭 찍어요!!!
관람객,조우진 연기가 압도적이였고 지창욱 중간중간 표정연기 최고였음 뻔한 스토리같지만 뻔하진 않은 결말영화시간내내 지루하지 않았음
관람객,딸과  보는 내내 긴장감   가족애   너무 재밌어요   심장 벌렁 음향효과
관람객,연기좋고 시간가는줄 모르고 봤어요
관람객,클리셰의 연속.... 약간 90년대감성으로 가득햇음....  배우들연기는 100점...스토리는 0점
관람객,연출과 배우들의 연기가 뻔한 클리셰를 전부 커버해준 영화
관람객,감동도 있고 배우들 연기는 아주 좋았어요 재미는 있습니다 그런데 스토리가 약간 아쉽네요 스토리에 소스만 좀만더 추가했었으면 완벽했을텐데...
관람객,코로나여서 영화 계속 못보다가 조우진 배우님 나오시길래 보고싶어서 다녀왔는데 역시 믿고 보는 연기였습니다 !
관람객,이게 왜 안 뜨지? ㅠ스피드가 생각남
관람객,스토리 내내 가족이 불쌍... ㅠㅠ
관람객,조우진연기 말곤 그닥...
관람객,우리나라 공권력마저 의심하게 되는 무능한 경찰 연출 진짜 지겹다 지겨워
관람객,돈주고 2시간짜리 제네시스 광고보려면 추천드림
관람객,"그냥 제네시스 광고 영화,,, 서사없음 그냥 조우진 연기항 제네시스 보여줄려고 만든 영화다"
관람객,존잼 춘천드림에 대한부분
관람객,경찰이 답답하지만조우진 연기는 진짜 명품
관람객,시간가는줄 모름! 짱  재미었어요
관람객,전체적으로 긴장감있게 몰입해서 볼 수 있어요. 오랜만에 가족이랑 같이 가서 재밌게 봤어요.
관람객,이걸 왜 봤을까.  현타 옵니다 초등4학년 아들도 너무 유치하다고 말이 안되는게 어거지가 계속 ㅎ
관람객,우선 배경이 부산이라 부산가고싶게만듬ost잘써서 박진감? 상황을 좀더극적이게 끄는부분이  좋았고아역이든 누구든 흐름깨는 배우가없어서 제일좋았음 조우진배우님 연기는 뭐...말해뭐할까싶고 그냥 조우진 님을 위한 영화!!...
관람객,조우진주연 첨봤는데 기대이상으로 연기짱잘하시네요~담에또 우진님영화볼생각드네요ㅎ계속 긴장감 작렬!스토리공감!
관람객,GV80의 도로 위 질주
관람객,G80과 함께하는 부산시티투어그치만 재밌음 볼만함
관람객,
관람객,30분동안은 심장쫄깃~ 그이후로는 평범~ 조우진하고딸연기는 압권!
관람객,진짜 시간가는줄 모르고 본 영화 너무너무 재밌어용 진짜 .... 안보면 바보 ...
관람객,오랜만에 심장 쫄깃하는 스릴러 봤습니다.긴장도는 미션임파서블 저리가라네요강추합니다!
관람객,지루하고 지루하다.
관람객,조우진연기최고!!!~~
관람객,왜 난 퀵 과 스피드가 생각이 나는거지?
관람객,"연기 잘하는 배우들 모아 놓고 수준 이하의 각본과 연출로 다 망쳐 놓은 영화. 개연성이 있어야 몰입이 되던가 하지, 너무 엉성해서 중간 중간 어이없는 웃음만 나왔음. 투자 많이 한 건 알겠는데 평점 알바 좀 그만 씁..."
관람객,조우진님 연기는 좋았으나 영화 보는 내내 스토리가 고구마 100개 먹은 듯이 너무 답답했어요..주인공도 경찰도 다 무슨 바보들도 아니고.. 사이다 하나 없는 답답함... 그리고 첨부터 행복한 느낌이었다가 긴장감 있게...
관람객,쩝...
관람객,아니 포스터에 스포일러가..
관람객,스토리는 진부하지만 조우진 연기가 좋았어요.
관람객,볼만해요 긴장감도 있고교훈 착하게 살자 자업자득
관람객,일단 기본적으로 배우님들은 다 연기를 너무 잘하시고 긴장감 넘치는 음악과 연출 좋았습니다!!
관람객,코로나 터지고 처음본 영화인데 간만에 심장이 쫄깃쫄깃 했어요! 부산사람이라 아는데 나오니까 더 반갑고 재밌네요!
관람객,"포스터 바꿔라, 대놓고 범인 보여주네 다행히 영화 관람하고 저 포스터 봤네"
관람객,예고편도 다 보고 23일에 개봉하는 날짜에 맞춰서 보니깐더욱 기대되는 순간이 재미있었습니당.추천할만큼 더욱 재미가 쏠쏠!! 원래 저가 영화나 드라마는 잘 안보는편인데 이정도로 재미가있으니 더욱 또 보개 될거 같은기분...
관람객,
관람객,"기생충, 미나리에 이은 킹신제한킹신제한 2 나오면 바로봄"
관람객,긴장감 대박! 조우진배우님 연기 너무 잘함!!
관람객,조우진 연기는 역시 긴장감 최고였음!
관람객,"유치한 장면도 없고 생각보다 몰입이 잘됐어요.피해자가 가해자로, 가해자가 피해자로."
관람객,기대하고봤는데 재미없어요 ㅠㅠ 뻔한 스토리 뻔한 결말 … 별개로 배우분들 연기는 괜찮았어요
관람객,조우진님 연기 너무 좋아요 목소리도 너무 좋으시고
관람객,오랜만에 재밌게 본 영화!
관람객,박진감넘치는 연출이 재밌었습니다
관람객,"탄탄한 연기력, 억지감동, 개연성없는 스토리,"
관람객,영화 보면서 글쓴ㄷㅏ. 잼민이가 스토리 짬??억지도 이런 억지가 없네
관람객,노잼노잼신파신파신파
관람객,1시간 30분 짜리 제네시스 광고
관람객,너무비슷하네요 레트리부션은행다니는거 차에폭탄 ㅡㅡ;;
관람객,알바 쩐다 가서 혈압만 오르고 왔어여팝콘 먹을 수 있었으면 먹다가 목메여서 죽을뻔
관람객,"소재는 좋았으나 스토리 개연성 부족, 억지스러운 전개, 범죄자 미화... 도저히 몰입이 안됨. 그 와중에 배우들 연기만 잘함. 이건 감독이 잘못했다. 극장에서 중간에 나간 사람까지 존재함."
관람객,감동도 없고 돈도 아깝고 시간도 아깝고...
관람객,흔한 스토리.. 흔한 클리셰..말도안되는 상황연출..차광고..동생이 무전기가 아닌 직접 나선다하자 바로 오케이 하는 경찰.. 인질로 잡히면 그 감당 어떻게 하려고...좋은 배우들이 모두 엑스트라처럼 짧은 대사 후 사...
관람객,
관람객,
관람객,그냥 볼만했네요 심심하게 시간때우기 좋은
관람객,재밌어요 ㅎ 무난히 봄 엄마도 봄
관람객,기대 안 했는데 의외로 재밌었음
관람객,중반까진 완전 시간 가는줄 몰랐네요. 한국영화 특성인가... 막판이 좀 애매하지만 이정도면 재밌는 영화네요~~~^^
관람객,gv80 광고인줄 gv80차랑 조우진 연기말고는 볼게없음킬링타임영화 매니아인데 인과도 없고 내용도 별로임
관람객,너무 재밌게봤어요~!!
관람객,이 영화는 대체 무슨 의미인지;; 뭐 어쩌라는거지 차안에서 지혼자 쌩쇼하네 그냥 제네시스 실컷 구경만 했네
관람객,보지 말아야 될 영화임진짜 재미없음
관람객,몰입감 오졋음 연기도 훌륭ㅋㅋ
관람객,엄마가 보육원에 왜 있었던거임? 그리고 경찰은 그 상황에서 자기 자식을 인질로 잡아 폭탄테러를 한다고 생각하는게 맞는건지 협박당한다고 생각하는게 맞는건지 내용 전개에 이상한점이 너무 많음
관람객,그냥저냥 볼만했음 딱 한국영화 같은 전개 느낌 제네실수 광고는 존나게 함 gv80침수되고 g80타고 또나옴ㅋㅋㅋㅋ
관람객,티저 보니 창작물이 아닌 스페인 영화 레트리뷰션의 카피 영화.로 보이던데
관람객,어휴.... 소재는 매력적이고 연기는 좋은데 그 외는 전부 안좋네..
관람객,부산 해운대의 위상을 높인 영화!제네시스와 조우진의 궁합은 환상이다!여전히 진화 중인 배우 조우진...그의 앞날이 기대된다.
관람객,처음부터 끝까지 제네시스 광고를 보는듯한 스토리였으나 조우진배우님의 연기가 너무 훌륭해서 7점
관람객,제네시스 광고인줄… 제네시스 사고싶어짐… 껄껄
관람객,제네시스 밖에 기억이 안남
관람객,조우진님 연기와 쫄깃한 스토리 구성 미쳤어요.. 그리고 부산을 리얼하게 보여주면서 진짜 있을법한 일들이 벌어지는거 같아서 긴장하면서 봤고 ㅜ 가족들 대입하면서 봤음.진짜 눈물도 나고.... 근래 본 영화들중에서 제일...
관람객,음...스토리 연출..다 아쉬움..연기는 괜찮았어요.
관람객,누가봐도 자동차 광고임
관람객,"별 내용없고 볼거리도 없음, 이런 부류의 영화들이 얼굴과 몸만 크게해서 화면을 채우던데 ->상영 내내  두두러지게 확대된 얼굴과 검정색 제네시스가 신경을 쓰게함.제네시스는 뭐라 검은색으로 선택했는지도 이해가 안..."
관람객,"이씨 이게 영화야 영화냐구 이딴걸 만들어서 내 12,000원을 가져가야 속이 시원했냐 그냥 집에서 OCN  재방보세요이건 좀 너무한거 아니냐구 OO"
관람객,완전 최악의 영화. 배우들의 좋은 연기를 감독연출이 말아먹음. 근본적으로 시나리오가 최악. 이딴 시나리오를 왜 리메이크 했는지 모르겠음.
관람객,조우진이 주연한 첫번째 영화라서 평점 후하게 준다...제 점수는 요...
관람객,음 그냥 진짜 차 광고랑 조우진 연기밖에..
관람객,조우진 연기 3점 제네시스 광고가 잘뽑혀 2점 나머진 그냥 최악이다 원작도 원래이러냐? 진짜 신원조회때는 어이가 없어서 웃음이 다나오네ㅋㅋㅋ
관람객,자동차와 부산 광고 같은 느낌. 지창욱 너무 잘생겨서 몰입불가. 하지만 잔잔한 감동이 있습니다.
관람객,지금보고있는데 아들 다리왜 다쳤죠?딱보기싫네
관람객,최악이였음. 배우연기는 ;;;
관람객,오늘 메가박스에서 보다가 중간에 열불나서 도중에 나왔는데. 정말 딸년 인생 그렇게 살지마라. 내리라고 그렇게 말했건만 안내려서 일을 키우고. 얼마나 울화통이 치밀던지. 그리고 은행의 합법적인 일인데 그걸 나쁜놈으로 ...
관람객,출연진이 별로 맘에 들지 않는다 나는 오늘 컨저링을 보러 갈 것이야 하하하
관람객,배우들 연기는 좋음...긴박감은 없었어요 좀답답
관람객,너무 클리셰 범벅...
관람객,연기만 좋음. 흠집이 많음.
관람객,"스토리는 다소 진부했지만 배우들, 특히 조우진의 연기가 좋았습니다. 금융기관의 횡포를 소재로 삼은 점도 시사적이네요."
관람객,영화제목 gv80 해도되겠다
관람객,"스토리가.비약하고 G80제네니스가 꼭 주인공같은느낌..중점을 잘못준건지.,너무 억지 감동을 전달할려는 느낌이드네요"
관람객,허구헌날 그 나물에 그 밥
관람객,신파가 잔뜩 묻어 있음.초반에 차타고 달리는 거 말고 그 다음 지루함.즙만 짜는 영화...
관람객,늘어지는 신파와 억지 훈장질이 버무려짐최악
관람객,알바들 통한의 비추 ㅋㅋ
관람객,조우진 범인몰이하는거 ㅈㄴ 개연성없다...
관람객,이런걸왜돈주고봅니꺼 훠훠훠
관람객,연기자들의 연기는 좋으나 말도 안되는 전개가 아쉬움
관람객,GV80 홍보영화. 음.... 차는 정말 예쁘네요ㅎㅎㅎ 조우진배우님 좋아합니다. 더 좋은 영화로 뵙길 응원합니다
관람객,너무너무 재미있어요 꼭 보세요 ㅎㅎ
관람객,은행센터장 성규에게 발신번호 표시 제한 전화가 오면서 차에 폭탄이 있고 내리는 순간 터진다는 소식을 전하면서 벌어지는 스릴러 영화다...~~!!
관람객,댓글 알바들에게 속지마세요.. 시나리오 초등학생이 쓴 줄 알았음열연하는 배우들에게는 미안하지만 너무 유치하고 재미없어서 몰입도 안 되고..영화관에서 보기에 돈 아깝고 집에서 킬링타임용으로도 아까울 정도
관람객,킬링타임용으로 영화관에서 볼만한 영화 부산의 모습을 잘 담아서 여행 가고 싶다는 생각이 들 정도였고 제네시스 찍어낸 영상미도 괜찮음 주연 배우인 조우진과 특출이라지만 더블주연에 가까운 지창욱도 연기 잘 했음 왜 지창...
관람객,"딱 한국영화의 전형적인 스몰스케일의 억지감정 액션스릴러, 너무 기대하지 마세요~ 조우진씨 연기는 좋았어요"
관람객,방금 보고나옴 긴장감은 조금있었으나 말도안되는 스토리 주연배우는 조우진이 아니고 제네시스 gv80
관람객,이딴게 극장에 걸리는걸 보면 근래들어서 한국영화계는 완벽하게 망했다.
관람객,좆노잼에미OOO노잼 전개도x 비현실적 장애적 이야기
관람객,와.. 이건 좀 ㅋㅋㅋㅋ
관람객,2편은 수신제한으로 하세요~
관람객,"결말이 좀 뻔했지만 재밌게 봤음 조우진 연기 좋았어요 지창욱 잘생겼네요,, 아이들 역도 리얼해서 보는데 맴찢 ㅜ 지창욱 보러 또 가야지"
관람객,박진감이 있고 기대이상으로 재밌게 봤습니다
관람객,영화 개봉도안햇는데평점다는건 알바냐?보고왓는데 진짜돈아깝다분노의질주처럼 말이안될꺼면액션이라도좋던가예전 영화 스피드랑 소재는 비슷한데어쩜 이리 노잼에 뻔하게만들지
관람객,알바들 돌리고 있나...너무 뻔한 전개에 예상되는 스토리 라인...
관람객,역시나 개봉일 아홉시 땡 하자마자 쏟아지는 10점들....이들은 대체 어느 시간을 사는 것일까? 이러니 6~8점 받을 영화도 1점을 줄 수밖에
관람객,중반이후 몰입도 확떨어짐
관람객,더테러 라이브를 한번 더 보는게 나을듯
관람객,"극한으로 치닫는 상황 속에서 조우진 배우님의 연기는 정말 돋보였습니다.감동 포인트도 있고, 잠시도 한 눈을 팔 수가 없었어요. 잘 봤습니다."
관람객,조우진 연기로 볼만하긴 한데 중반이후로는 아쉬워요
관람객,지금 직관중입니다.극장에 저 외에 한분 계시네요..직관중에 폰만져보긴 처음이네요..어떤느낌인지아시죠?배우들 연기는 훌륭합니다만...말도안되는..영화가 말도안되는게 맞긴하지만..어떻게든 빈틈만들어끼워 넣으려는 억지스럽...
관람객,오랜만에 재밌는 영화였음
관람객,긴장감 최고였다.. 추격신 대박이였음..
관람객,최고의 영화. 추천합니다. 꼭 보세요!
관람객,재밌긴 한데 신파 싫어하는 사람들한텐 비추. 배우는 연기는 진짜 인정
관람객,기대를 안해서 그런가 가족끼리 재밌게 봤어요~!잔인하지도 않고 흥미진진했음
관람객,뻔한스토리라고 생각했는데 연기가 미쳤네요 몰입이 처음부터 잘되고 너무 좋은 영화한편이였습니다! 생생한 몰입감과 연기 너무 좋았습니다 ㅎㅎ
관람객,연기가 완전 대박이고 스릴있고 숨죽이면서 봤던 영화다 최근에 본 것중에 젤 재미있었다
관람객,처음에는 긴장감있게 갔는데 차 멈추고나서 지루함을 조우진연기로 잘 덮었다
관람객,감동도 있고 스릴도 있고잘즐겁게 봤습니다~^^
관람객,연기가 짱이였어요 오랜만에 보는 영화였는데 시간가는줄 모르고 봤습니다
관람객,흔한 내용이었지만 조우진 배우의 연기와 지루하지 않은 전개로 재밌게 봤습니다.
관람객,이 영화는 스토리는 그냥 그런데 조우진 배우님의 연기력이 다 했어요
관람객,핵꿀잼 긴장감조성장난아님
관람객,진한 감동이 많지는 않네요 한번은 볼만해요
관람객,조우진이 나빴던걸 알고난후 부터는 조우진을 향한 눈물은 쏙 들어가고 지창욱이 안쓰러워서 계속 울었음ㅠㅠ 전부다 연기 너무 잘하고 감정이입 너무 되가지고..
관람객,"정말 조우진의 감정연기가 돋보인 영화 네요,,,  터무니 없는 내용이 아닌 실제 있었던 금융투자로 인한 내용이라 볼만했어요,,, 시간 가는줄 모르고 봤어요,,,, 정말 gv80 광고보는듯한 느낌도 없지 않아 있었지만..."
관람객,일단  지루하지않게 전개되는점이좋았습니다  출연진들 연기력도  영화를보는내내 몰입할수있었습니다  조우진씨 연기넘좋아요  김지호씨도  오랜만이라 넘 반가웠습니다  결말이 조금 아쉬웠던점은  옥의티라고 할까요
관람객,
관람객,"""살아보니 용서라는 게... 나약한 인간이나 하는 거더라구..."" 명대사 등록이 안돼서 여기에 합니다(실관객 맞는데, 네이버가 아닌 예스24 통해서 예약하니 실관객 대접을 못 받네요 ㅠ ㅠ) *** 목..."
관람객,"목소리 만으로도 지창욱의 표정, 심리가 다 느껴짐.. 연기천재.."
관람객,
관람객,너무 재밌음 내가 더 안절부절함
관람객,마지막 울었잖아 범인이 쓸데없이 너무 잘생겨서 첨부터 범인편들뻔 근데 마지막 되니 진짜 범인편 돼있었어 지창욱 조우진 연기 너무 짜릿해
관람객,"평점 안좋은분들은 뭘 기대하셨을까요? 저는 안좋은 평점 보고도 조우진님 연기 보려고 킬링타임용으로?  갔는데 지창욱 배우 연기도 다시봤고, 딸 역할 이재인 아역배우도 다시보게 되었습니다. 저를 몇번이나 울게 만드는건..."
관람객,
관람객,영화 퀵의 제네시스 버전 느낌 ?!
관람객,부산에서 대부분 촬영했대서 기대하고 봤는데 부산 사람이 봤을때 자동차 이동동선에 개연성이 너무 없어서 초반부터 몰입이 깨졌어요. 광안리나 해운대 사는 초중등생 중에 광안대교 넘어서 등교하는 아이가 과연 있긴할지도 의...
관람객,"역시  조우진씨는  조씨스타일 나오네 "" 영화발신제한""에서원래 조씨들은  나이어린  동생,1살~2살어린 동생들에게  조롱당하는 기분 쉽게들지  한국의 조씨스타일은 좀 그래  중국고대소설  조씨고아에서의..."
관람객,답답하고 엉성하고 억지스럽다.
관람객,그냥 조우진만 보였고 딱희 영화의 임팩트는 못 느끼겠음
관람객,코로나 시대에 영화판에 돈이 안도니 각본도 연출도 다 후져지는 걸까.
관람객,억지감동과 개연성 없는 스토리
관람객,조우진때문에 7점 준다... 진짜 연기 잘 하더라.중간에 한국영화 고질병인 신파극이 안들어갔다면 좋았으려만... 그리고 결말이 너무 예상이 된다...그래서 솔직히 안놀람... 그냥 배우만 짱임.
관람객,오랜만에 좋은영화 너무 재밌게 잘봤습니다 '인과응보' 단어가 떠오르네요
관람객,한국영화에서도 이런스릴을 느낄수있다는것이 놀랍습니다~조우진  연기력 최고^^
관람객,말로 표현이 어렵습니다 직접가서 영화관에서 실감나게 만끽해보세요
관람객,영화 초반에 딸보고 뒤에 타 했던게 그나마 아들 다리를 지혈 할 수 있었음
관람객,제네시스 gv80 구입예정이신분은 이 영화 추천드립니다~ 총알도 막아주는 gv80
관람객,"기대가 커서그랬는지,,상당히 실망이였습니다절대 기대하지말고 보세요..!"
관람객,분노의 질주 GV80 ..
관람객,재밌게 봤습니다. 초반에  제가더 쫄렸어여
관람객,발신제한 전화는 그냥 받지마라~
관람객,너무너무 재미있어요 흥미로운 영화였어요
관람객,첨부터 긴장감을주는영화~  조우진 연기 짱~
관람객,
관람객,조우진 연기 하나만으로도 볼만한 영화인듯
관람객,스릴감때문에 중간에 화장실 못가는 영화영화 찍을려고 그 비싼 제네시스를..이제 조우진이 조연이 아닌 주연으로 다시 설 수 있게 시작점이 된 영화
관람객,스릴감때문에 중간에 화장실 못가는 영화영화 찍을려고 그 비싼 제네시스를..이제 조우진이 조연이 아닌 주연으로 다시 설 수 있게 시작점이 된 영화
관람객,마지막 조우진이 극진가라데 하는모습이 제일 멋있었다
관람객,재밌습니다 그런데 신파가 조금 심하네요중반부 부터는 조금 재미가 떨어지다가 마지막에 재밌어지네요
관람객,시간가는지 모르고봤다.3번봤는데 안질린다.
관람객,배우들 연기 좋았고요 서로의 가족 생각하며 대사할때 공감되어 같이 울었습니다 연기 정말 좋았어요
관람객,조우진이가 연기를 원톱으로하니까 더잘하네
관람객,2시간 완전히 몰입해 시간이 어찌갔는지 모를것이다
관람객,딸이 차 앞좌석으로 옮겨탈때 짜증났음. 그리고 홍두깨 선생님부인 고은혜 닮았음.
관람객,스토리흐름은 더테러라이브와 비스무리함스케일은 더작으나 좀더 일반인에게 쉽게 접할만한 전개로 공감성은 생기고 이해가 빠름연기는 말해뭐해
관람객,GV80 vs  QM6   GV80압승
관람객,배우들 연기 최고..사운드 최고.. 긴장감 몰입감 최고..히든카드 지창욱배우 연기 넘 멋져요~
관람객,기대없이 본영화인데?감동에 쓰릴까지~
관람객,조우진 연기만 보임. 다른건 없음
관람객,박진감 있고 스릴있는 스토리부성애 넘치는 연기 훌륭딸과 아빠의 연기는 마음을 울려
관람객,조우진 배우님!! 주연으로 나오신다길래 기대했고 너무 재밌게 잘 봤습니다 ^^
관람객,평점이 생각보다 낮네. 재밌던데 난
관람객,조우진 연기 진짜 와.. 제네시스 광고보러갔는데 연기에 압도됨 연출도 쫄깃했는데 음악이 큰 역할 한듯 아 딸과 절절한 연출은 가해자 미화같아서 좀 그랬음
관람객,시간가는줄 모르고 잼게 잘봤어요연기도귯 제네시스 엄청봣네요 ㅎㅎ
관람객,스토리는 어느정도 다른영화의 차별점을 느끼진못했지만 배우들의 연기력 영상미 또 장르자체에 많은재미를 느꼈습니다리뷰 보시는분들 꼭보세요 !!
관람객,배우님들 연기력 진짜 너무 대박이였고 눈물도 흘릴만큼 감동적이었는데 딱 한가지 아쉬운점은 스토리가 좀 진부했어요 ㅠㅠㅠ... 전형적인 한국 스릴러 스토리...? 차로 사람들 지나다니는 거리 지나가면서 물건들 부수고 ...
관람객,끝까지 긴장감있게 봤어요~~~
관람객,"사회문제 감성 껴넣은 3류 스토리를 조우진 연기력으로 살렸다는 평이 많은데, 저는 개인적으로 들어갈 만큼 들어갔다고 생각합니다.와이프 스토리 나오는건 촬영분 있었는데 덜어낸 것 같고, 그외엔 몰입을 방해할만큼 흐름이..."
관람객,조우진과 gv80주연 나름 볼만한 킬링타임무비
관람객,내가 원하는 결말이 아니라 아쉬움..
관람객,정직하게 살자. 조우진 배우님 주연 자주 맡아주셨으면..연기력 미친듯
관람객,아이있는부부들 넘 보기좋아요.첨에는 넘 화나고 욱하다가 너무 슬프네요한국영화 너무잦은 스토리로 나중에 시간지나면 이거봤었나?싶을정도로 잊어버리는데 이건 영원히 잊지못할거같아요
관람객,보는내내 긴장을 늦출 수 없었습니다. 조우진님하고 따님 역할 하신 분 연기 정말 잘 하시네요.
관람객,지창욱 연기는 역시 믿고 봅니다.. 조우진님도 대박
관람객,지창욱 연기는 역시 믿고 봅니다.. 조우진님도 대박
관람객,진짜 연기미쳤다.너무잼있고 조우진님 팬이됐어요영화강추 꼭보세요!!!
관람객,지루할틈 없이 재밌었던 영호ㅓ
관람객,진짜 너무 재밌었음 조우진 연기가 다한 영화!!
관람객,진짜 대박이란 말밖에 안나오는 영화 . 너무너무 슬퍼서 눈물이 줄줄 흘렀어요 볼만하네요 !! 뭐지싶다가 나중에 끝부분으로 가면 아 ~~ 하는 내용이라 현실감도 있고 슬픕니다 그냥 너무 슬펐어요 ㅠ
관람객,스릴이 넘칩니다. 더테러라이브 못지 않아요. 한국영화화이팅! 발신제한 화이팅!
관람객,"영화는 시작과 동시에 시동을 걸고 재빠르게 달리기 시작한다.순조롭게 절정으로 치닫는 듯 하지만 하지만 해운대 바닷가 앞에서 문짝이 다 뜯겨져나감과 동시에 파국으로 치닫아버린다.조우진 배우의 연기는 훌륭했고, 영상 또..."
관람객,조우진 연기 하드캐리 어떻게 차 안에서 찍은 영상으로 한시간 넘게 심장을 쫄깃쫄깃하게 만든건지 진짜 정말 최고입니다 조우진 배우님 원래 연기력 최고인거 알았지만 진짜 최고입니다
관람객,"조우진 잘하는거, 지창욱 신선한거 인정근데 30분이면 될 스토리를 억지로 늘린느낌..스토리가 너무 부실….."
관람객,조우진님 첫주연영화 정말 잘봤습니다.좋은연기 감사드립니다^^
관람객,
관람객,"범인 목소리 좋아서 놀람직업의 윤리의식, 해를 끼치면 벌을 받는구나..부산 여행가면 좋겠다..ㅎㅎ 배우들 연기 좋음"
관람객,
관람객,오랜만에 모든 면에서 밸런스가 좋은 잘 만들어진 영화 한편 보았다는 생각이 드네요 굿 입니다
관람객,조우진님 명연기에 완전 반했어요. 멋졌어요 정말
관람객,조우진배우님은찐배우십니다!!!목소리도넘좋구요.배우님감정씬빠져보다가실화바탕 늦게알았네요;;그리고진경배우님멋져요
관람객,조우진 배우님 연기로 모든게 커버됨 천상배우님!
관람객,진짜대단한영화다연기도대박
관람객,제네시스 사고싶다. 현대차최고
관람객,재밌게 잘 봤습니다~~
관람객,와~ ~~! 보면서 웃음이 저절로 나오는 영화네요. 특히나 후반부로 갈수록 옆좌석과 함께 웃을수 있는 영화입니다. 평소 웃음이 없으시다묨 꼭 추천합니다. 두번보세요^ ^
관람객,영화 초중반까지는 조우진이 아무리 큰 잘못을 저질렀어도 가족한테까지 저러는 건 아니지 싶었다. 그러나 후반부로 가면서 지창욱이 왜 그래야만 했는지의 사연이 드러나면서부터는 (영화에서 그려낸 부산저축은행 피해자는 아니...
관람객,
관람객,자식을 구하기 위한 아빠의 애절함이 많이 묻어나는 영화 감동
관람객,자식을 구하기 위한 아빠의 애절함이 많이 묻어나는 영화 감동
관람객,진짜 오랜만에 영화 봤는데 너무 괜찮은 스릴러였음!! 조우진님 연기 대박 ..
관람객,진짜 올해 최고의영화....조우진님 이렇게 연기 잘하는줄 몰랐음....어색한거 하나 없고 진짜같음 보는내내 너무긴장되고 슬펐음 ㅠㅠ이런 영화는연기가 안좋으면 감정깨는데 진짜대박 캐스팅 신의한수 딸 아들도 대박
관람객,간만에 연기력좋은 영화!! 조우진배우 굿굿 해운대배경이 시원해서 굿굿
관람객,누가 재미없다했냐 재미지는데 ㅋ경찰이 하는게 없긴하지
관람객,조우진의 단독주연에도 긴장감이  끊어지지않고 최근 비슷한 사건도 생각나고 가족애의 끈끈함도 감동적이였어요훌륭해요부산바다의 아름다운  모습까지
관람객,기대안하고봤는데 재밌어요 뭔가 복합적인 감정이드네요ㅠ
관람객,한시간 반이 순삭이었네요~배우들의 연기와 현실성 있는 스토리에 몰입감 최고였어요..^^
관람객,배우들 연기가 너무 훌륭했어요. 딸 역할 맡은 배우님 감정연기에 엉엉 울었어요. 스토리는 많이 애매했어요!
관람객,제가 너무 좋아하는 조우진배우님 단독으로 주연을 맡아 열연하시는 모습이 대단하고 원래 연기를 잘하시지만 이번 연기도 너무 감동적이고 역시 믿고보는 배우네요 조우진 배우님 ^^
관람객,조우진과 지창욱이 다 함. 조우진은 극장에서 보니 눈이 진짜 작던데 세밀한 표정연기에 하나도 지장 안 줌. 지창욱은 별 기대 안 했는데 눈빛 연기 와...  몰입 장난 아닌 연기였음
관람객,여름에보기 스릴있습니다
관람객,조우진 연기력 오진다 진심
관람객,오랜만에 안 졸고 집중한 한국 영화는 처음이다 도굴에서 조우진님 개그 캐릭인지 알앗는데 반성되는만큼 잘하세용
관람객,7점 주고 싶은데 영화계 전반의 어려움을 생각하여 8점 드립니다. 조우진씨의 연기는 조금 아쉬웠습니다. 뭐랄까...아이들이 볼모로 잡힌 아버지의 감정이 잘 전달되지 않는다랄까요? 영화를 보는 내내 연기가 조금씩 아쉬...
관람객,킬링타임요으로 좋음더위 탈출 좋아연
관람객,긴장감 최고~~~~!연기력 최고~~~~!간만에 한국영화 잘 나왔음역시 조우진 최고
관람객,이정도면 잘 찍었다 경찰은 도움이 안된것같다
관람객,조우진이 걸어가는걸 본 건 차에 올라탈때 뿐
관람객,너무 재미있었습니다.
관람객,볼만한영화라고생각합니다!
관람객,세상에 이런 식으로 차에 폭발물까지 설치해가면서 사기를 치는 경우가 있구나
관람객,처음부터 책꽂이 꽂아놓지….ㅎ;;;
관람객,조우진 배우님에 연기가 너무 대단하단걸 또 한번 느꼈습니다...멋있습니다
관람객,그냥 뭐...그저 그랬음...생각보다 스토리도 허술!
관람객,지루한데 시간이 빨리가버림 ㅋㅋ
관람객,
관람객,잘봤습니데이 심장이 쫄깃했네요ㅎ
관람객,간만에 여운이 엄청 남았던 영화였어요 배우분들 연기 다 너무 휼륭했고 2시간이 30분 같았고 마지막 지창욱 배우님 출연하신 거 신의 한 수….어쩜 꼬질꼬질한 모습도 빛이 나던지 지창욱 배우님 외모 너무 재밌었어요 마...
관람객,조우진님이 연기를 너무 잘하셔서 몰입이 확 됐습니다. 근데 중간중간 스토리가 살짝 답답한부분이 있어서 영화가 끝나고도 계속 물음을 던졌는데 그래도 너무 재밌었습니다~
관람객,
관람객,비현실적인 부분이 있지만  킬링타임으로 괜찮습니다
관람객,영화는 배우가 만드는듯..
관람객,진짜 너무 재밌고 감동도 쩌네요ㅜㅡㅜ 진짜 이거 다들 봐야하는 영화입니다 진짜 나오시는 배우분들 다 연기 미쳤어요 엄청 몰입되고 진짜 연출도 되게 잘하시고 진짜 이거 다들 보셔야하는 영화입니다
관람객,생각보다 더 재밌게봤다...슬프고 긴장감 넘치고 스릴오짐
관람객,지창욱 나오길래범인은 저얼굴로 모델이나하지.이생각했음..
관람객,"자본주의 사회에서는 역시 능력있는 사람이, 피의자가 되어도 피해자가 죽을 수 밖에 없는 , 냉혹한 현실...결국 피해자가 용서를 빌어야 하는 안타까운 현실을 잘 반영한 영화."
관람객,조우진 지창욱 연기 미텼고...;;제네시스 사고싶어졌고...;;
관람객,난 재밌던데 처음 1시간은 긴박함끝에20분정도 살짝 지루지창욱 눈빛 우진이형 연기 기가막힌다
관람객,조우진 배우님 연기는 역시 믿고 봅니다 ㅎㅎ연기력은 아역배우 포함 괜찮았어요근데 영화보는데 음악 소리가 너무 커서 대사가 잘 안들리는경우도 있었습니다
관람객,한국은 스릴러 하나는 참 잘만들어요
관람객,아 제발 gv80 차 색깔 아시는 분 ㅠ
관람객,방금 보고왔는데 좀 무섭구 스릴 넘치구지창욱 겁나 짜증!!’ㅜㅜ 때리고픔 후
관람객,시간가는줄모르고봄.햐 조우진이...
관람객,제네시스 + 조우진 연기력..
관람객,"감동,재미 둘다 좋았어요"
관람객,조우진과 지창욱의 연기 너무 레전드 상상 그이상의 영화 믿고보는 최고의 영화!
관람객,연출과 배우의 연기는 진짜 소름돋게 좋앗지만 뭔가 스토리가 좀 답답하고 뻔했지만 재미는있었습니다 ㅋㅋ
관람객,최근 본 영화 중 최고!!
관람객,제네시스 단편영화 나름 재밌게 봤습니다^^
관람객,이 영화의 포인트는 조우진
관람객,누가 신파라 했나? 액션물에 가족이야기를 얽은 게 아니고 현실에서 충분히 일어날 수 있는 사건에 얽힌 가족이야기를 액션물의 얼개로 짠 것이다. 조우진의 연기야 말해 뭐할까? 최고다.
관람객,"진짜 조우진, 지창욱 연기 최고 ㅠ 그리고 중간중간 감동적 ㅠㅠ"
관람객,조우진 아저씨 연기 잘해요 별로 기대하지않고 봤는데 시간 순삭이네여
관람객,조우진 배우님 항상 비중없는 역할만 맡으셔서 아쉬웠는데 주연 맡으시니까 진심 연기력 대작이었음.... ㅠㅠ
관람객,성공한 남자의 차 GV80
관람객,재밋네요재밋네요재밋네요
관람객,개쫄깃ㅋ근데 배급사가 CJ길래 신파극 나오겠다했는데아니나다를까 나옴ㅎ 그래도 연기좋고자동차무빙보면서 부산시내구경 잼있었네요ㅎ첫주연작품 축하드려요^^ 영화잘만들었어요ㅎ
관람객,재미나요연기좋고 부산 ~~^^
관람객,제네시스를 홍보하는 가장 완벽한 방법.아 물론 제네시스가 10점입니다.
관람객,조우진 연기가 다함그리고 GV80이랑 지창욱 잘생긴것만 기억남
관람객,진짜개꿀잼너무재밌음!!!
관람객,제니시스 광고에 현대도 광고
관람객,이야.. 보면서 느낀점 제네시스 광고 떡상했네..그래도 저가 좋아하는 추격전이라 재밌게 봤습니다!! 이런 영화 하나 더 개봉해주세요ㅠㅠ
관람객,후반에는 루즈했지만 조우진님의 연기는 최근 본 영화 중 최고였다.
관람객,
관람객,조우진님 연기  몰입도가 높아서 시간 잘 갔습니다
관람객,킬링타임용꿀잼 몰입도최상급
관람객,최고의 연기자로 찍은자동차 광고느낌....ㅠㅠ
관람객,
관람객,굳굳 체고에요  재밋구만요
관람객,"조우진 연기로 볼가치는 충분히 있는 것 같아요. 해운대 사는데 해운대, 센텀 일대가 이쁘게 나온가 같아서 재밌었어요 ~"
관람객,폭탄터질때 혼자 꺅하고 소리지르면서 놀램 ㅠ
관람객,
관람객,생각보다 ㄱㅊ아서 좋아요
관람객,센텀시티 롯데에서 봤음ㅋ출근길이 영화에 나오니 신기방기조우진 연기력짱
관람객,"스릴이 있고, 감동적이에요~ 근데 제네시스 광고가……."
관람객,폭탄을 윗대가리 차에 설치해야지; 다 위에서 하라는대로 했을 뿐인 직장인들인데 그리고 무능한 경찰...
관람객,어딘가 들어본듯한 스토리~ 떠올라 작은 장면들이 my memories~~
관람객,사운드 너무 좋음 소리몰입감쩜
관람객,"10년전 영화""퀵""이 생각나는 영화퀵은 오토바이에 실린 폭탄이라면 발신제한은 자동차에 실린 폭탄! 그래도 볼만함"
관람객,조우진 배우님의 연기가 멱살 잡고 캐리함
관람객,조우진님이 연기를 너무 잘하셔서 보는내내 너무 긴장되어서 심장 부여잡고 봤어요..
관람객,설정은 뻔하지만지루하지않게는 만듦.조우진님 주연하신거 축하용^^연기 굿이용!!
관람객,
관람객,생각보다 잼있고 스릴있음
관람객,조우진 배우님의 연기가 볼만합니다.
관람객,보는내내안쓰럽ㅠㅜ재밌음연기구멍없음
관람객,눈을 떼기가 힘들었네요
관람객,진짜 긴박하고 스릴있는 영화였어요 GV80 광고가 너무 있긴했지만 전 재미있게 봤습니다
관람객,너무 재밋게봣어요 시간가는줄 몰랏네용
관람객,
관람객,완전 쫄깃쫄깃 긴장감 넘치는 스릴러. 울컥하는 부분도 자연스럽다. 완전 악당도 그렇다고 완전 착한 놈도 없는 한국식 <스피드> 스릴러 재밌다.
관람객,조우진 혼자 하드캐리한 영화개인적으로 지창욱 배우 기대하고 있었는데...연기력이 돋보일 만한 작품이 아니었던 것 같아 많이 아쉽습니다.
관람객,"조우진,이재인 두 배우가 끌어간 영화! 지창욱 떨어지는 연기에 몰입감,긴장감 떨어짐 ..  엉성한 스토리에 좀 아쉬움감이 있네요.. 초반까지 몰입해서 봤고 뒤로 갈수록 이도저도 ㅠ"
관람객,"읭?스러운 부분은 많지만, 순간순간의 재미만 놓고 보기엔 괜찮은 영화. 자꾸 평점에 스포 해놓고 스포일러 체크 안해놓는 무개념들은 스포일러가 뭔지 모르는건가. 영화보기 전에 평점은 읽지 말길. 범인 배우 언급된 평점..."
관람객,재미있게 잘봤습니다 괜찮았습니다 저는.
관람객,소재나 스토리는 신선하지 않지만 조우진 배우의 연기력과 차량 영상미 + 브금이 쏠쏠한 조합을 만들어 냄. 다만 결말이 다소 아쉬웠다 너무 틀에박힌 느낌이었달까.. 그래도 오랜만에 한국영화 볼 만한 작품
관람객,더테러라이브 in 제네시스 gv 80
관람객,조우진 배우 연기 참 좋았어요작품 주제가 예상치 못한 포인트에 있었네요충분히 함께 고민해 볼 만한 주제입니다
관람객,스릴있고 지루하지 않았어요
관람객,"뻔한 소재에 뻔한 클리세 범벅일줄 알았으나 그게 맞네. 허나! 스피디한 전개와 편집, 음악이 좋은 긴장감과 몰입감을 준다. 더해 조우진, 아역딸, 지창욱까지 좋은 연기. 하지만 중반이후 너무나 떨어지는 개연성과 테러..."
관람객,
관람객,연기를 하는게 아니라 정말 그 인물인 것 처럼 연기를 하셔서 사건이 많이 없는 내용인데도 몰입도가 높았습니다. 지창욱 배우님을 보고 싶어서 본 영화인데 다른 배우분들에게도 함께 빠져들었어요. 머리를 싸매는 장면들이 ...
관람객,
관람객,
관람객,연기력은 좋은데 스토리가 너무 뻔하고 엥스러운 상황도 있으며 너무 우는 장면이 많음스릴러인데 갠적으로 스릴이 느껴지지도 않았고 솔직히 보다 나가고 싶었음연기만 볼만함
관람객,뭔가 어설픈 영화. 나쁘지는 않았음.
관람객,끝 마무리 가 아쉬울뿐.전체는 조아요~
관람객,엄청 몰입해서 보고 무엇보다 배우들 연기가 짱입니다 스릴넘치고 감동적이고 오랜만에 영화보는건데 너무 만족스러웠어요 강추입니다 완전
관람객,대박나세여 영화보는내내 울기만 하고왔네요연기에 미치고 감동에미치고 ㅠㅠ
관람객,60분동안 숨을 못 쉬게 해준다. 그리고 조우진의 연기는 미쳤다
관람객,제네시스 GV80 앞뒤옆태 간지나눼^^
관람객,그냥 잼있게 봤음 그랬음
관람객,처음부터 끝날때까지 긴장감을 늦출 수 없었다!조우진과 지창욱의 연기는 좋았으나 지창욱의 보이스 욕은 어색했다 ㅠ
관람객,현대차 타고 부산가고 싶다 지루하지 않아요 긴장감 좋음
관람객,"초반에 긴박하고 중후반 적당한 신파도 들어있고, 재밌게 봤습니다. 다만 주인공이 범인으로 몰리는 과정이 매끄럽지 못해요. 말이 안되는 건 아닌데, 어설프더군요. 그리고 범인 등장할 때, 관객들 이미 범인인 거 다 알..."
관람객,약간의 무리수였던 경찰의 아빠를 보는 시각 빼곤 연기력도 너무 좋았고 부산 배경도 예쁘게 잘 담은 것 같다. 후반까지 집중 잘해서 봄
관람객,솔직히 스토리는 그닥이었습니다 근데 그게 무색하게 조우진 배우님의 하드캐리 진짜 짬에서 나오는 연기력은 엄지척입니다 지창욱 배우님이랑 티키타카  이재인 조우진배우님과의 케미 너무좋았고 추격신은 진짜 대박이네요 쫄리면...
관람객,근데 지창욱 까메오 맞나 엄청 많이 나오는데 ㅜㅜ ㅋㅋ영화도 볼만함 한국영화의 감성이 좀 묻어나옴 더테러라이브랑 비슷함
관람객,연기가 다했다.좋은영화
관람객,극장에서의 영화감상.설레이고 기대~스토리 몰입감 연기 오스트 만족~영화속 딸이 엄지발가락 얘기하는데 나도 하고 있네 ㅋㅋ 하면서 옆사람 보게 되네 ㅎㅎ시원하게  극장에서 볼 만 해요~
관람객,재밌었어요 조우진 배우도 연기 완전 잘해요 마지막에 눈물났음 살짝 ㅠ 뻔한 내용일 거 생각하고 봤지만 그래도 나름 재밌게 보았어욤
관람객,짧아서 모든게 용서가 되는 영화
관람객,내리고싶지않을 전개감 속도감 완벽 그자체
관람객,이 영화의 진정한 주인공은 제네시스 !!
관람객,존잼ㅁ 진짜 최고 존재 ㅁ조맨
관람객,그동안 조연배우로 활약한 조우진 배우의 성공적인 첫 주연작! 94분간 지루할 틈 없이 몰입감과 긴장감이 제대로 가득찬 영화!
관람객,와..진짜 조우진 연기덕에 돈아깝지않고 감동받고..아빠역할을 너무 잘하셔서.. 울컥울컥햇내요..
관람객,시간금방가더군요.. 재미있었습니다. 악덕은행원 PB들은 쓰레기입니다. 정치인도 썪었지만 중산층도 썪은것은 마찬가지입니다. 아니 인간자체가 그런존재일지도 모르겠네요..
관람객,EOD의 활약이 좀 아쉽다. 그리고 헬기랑 경찰차 동원해서 포위하는 장면은 정말 멋짐~ 불완전 판매는 이젠 그만~
관람객,연기구멍 없고 스토리 자체는 뻔하지만 지루하지 않은 연출임 연기 후덜덜...스케일...
관람객,나라가이게나라가나나나
관람객,ㅋ재밌었다니 평점낮을 줄 알았는데
관람객,와.. 조우진 배우님 연기 진짜 대박지루할틈도 없이 스릴있고 슬프고 너무 재밌네요 꼭 보세요 절대 후회 안함!!!
관람객,요즘 시기에 볼 영화없어서좀 그랬는데조우진의 연기력이 돋보인 영화
관람객,몰입감 좋네요~~ 근데 너무 차 광고하는 거 같음
관람객,현실성 0 긴장감 100
관람객,올해 한국 영화의 수작.
관람객,조우진 지창욱 연기력 아주 좋네요 한국영화는 기대하는게 아님을 감안하고 가벼운 쫄깃함으로 만족했습니다원작 스페인영화와 크게 다르지 않다고 하든데한국영화가 이런 창작능력이 있을리가..
관람객,솔직히 너무 뻔한 스토리 진부함 하지만 나름 긴장감 있었고 배우들 연기가 참 좋았음 아역배우들의 연기도 매우좋았음 그 지창욱아내로 나오는 배우분은 짧은 등장이었지만 임팩트있었는데 짧게나와 아쉬움 그리고 진 경 배우님...
관람객,영화는 살짝 뻔한내용이긴하지만 배우들의연기가 이양화를 살린듯합니다 조우진님과 지창욱님 그리고 따님연기하신분모두 훌륭했지만 자동차에서 계속 앉아서 연기해야했던 조우진님이 진짜 어떤상황이든 극에 몰입할수있게 연기해주셔서...
관람객,제네시스 gv80 잘 뽑았네 하면 되는거냐?
관람객,오래간만에 심장 쫄깃했다
관람객,다 좋은데.... 범인이 처음 나오는장면에서 주인공의 동생을 자칭하며 나타났는데 경찰들이 주인공의 아내의 전화번호까지 알고있으면서 동생이 있는지 없는지 친자확인할때 나오지 않나요..?  좀 어이가 없었네요... 개연...
관람객,조우진 믿고 보는 영화  조우진 흥해라~^^
관람객,스피드 이후 이렇게 쫄깃한 영화 처음이다
관람객,재밌어용보는내내 긴장하면서 봤음울컥했던 부분도 있었고 무엇보다사람은 정직하게 살아야된다는걸다시한번 느낌
관람객,"영화 보는데 내 집앞에가 나와서 깜짝 놀랬음ㅋㅋ 부신지역이나 부산지역 가까이 사시는 분들은 더 재미있음ㅋㅋ 조우진배우님, 이재인배우님, 지창욱배우님 이 세분의 연기와 신박한 카체이싱장면은 단연 최고!!!^^ (fea..."
관람객,
관람객,자동차극장에서 봤는데도 긴장감이 밀려왔다 조우진님 첫주연 성공!끝이 보이는 내용에 영화지만 연기력으로 커버했다. 좋은영화였습니다~
관람객,그냥저냥 볼만 했어요 쏘쏘
관람객,보는내내 긴장하면서 봤어요 예상했던것보다 너무 재밌었습니다!! 부성애와 협박범의 안타까운 사연이 가슴뭉클하게 하네요 돈은 아깝지 않았지만 결말이 조금 아쉽네요~
관람객,
관람객,서복에서도 느꼈지만 독보적으로 표정 행동 연기가 너무 리얼해요. 조우진님 크게 성장하실듯! 최고
관람객,조우진 찐배우인듯!!!제네시스 광고 제대로!!
관람객,그럭저럭 그냥 볼만함.
관람객,
관람객,
관람객,조우진연기가 너무 좋았어요 특히 마지막에 딸에게 말 전할때.... 그런데 제네시스gv80광고가 좀 돋보이네요 ㅎㅎ
관람객,조우진 연기미쳣음
관람객,역시 연기파 배우 조우진~~!!♡
관람객,재미와 감동을 다 느낄 수 있었다. 배우들의 연기도 좋았고 지창욱 배우님의 목소리가 임팩트 있었다. 목소리만으로도 극을 잘 이끌어나가는 힘이 좋았다.
관람객,배우님들 정말 좋아합니다. 특히 이재인배우님 짱!!
관람객,ㅈㄴ잼있음ㅋㅋ레게노
관람객,뻔한 내용일수도 있지만 나름 재미있게 봤어요.영화 음악연출을 잘 활용한듯 해요!지창욱 나오는데 소름~~
관람객,지창욱 너무 잘생겼다ㅠ 지창욱 영화 많이 찍어줬으면 좋겠다ㅠㅠ
관람객,문짝뜯겨져 나갈때재미도 박진감도 뜯겨져나감
관람객,주우진 연기 진짜좋네요...그리고 왠지 딸낳고 싶은영화...ㅋ
관람객,주연 배우의 연기는 정말 최고임 믿고보는 조우진
관람객,재밌어용 연기랑 배경음악이 다했어용
관람객,스릴감 만점
관람객,더테러라이브 in 제네시스 (ft.사부곡)
관람객,팝콘먹으면서 잼나게봤습니당 ㅎㅎ
관람객,
관람객,"조우진님 연기도 좋지만, 아역배우 연기가 인상적이네요 사바하 때도 좋았는데-조금 식상하고 뻔한 스토리긴 했지만 적당한 긴장감은 느낄 수 있었습니다.  다만 류승수나 진경, 지창욱 배우들이 굉장히 소모적인 캐릭터였다는..."
관람객,조우진 원래 좋았지만 진짜 이번에 대박!! 긴장감 쩌럿
관람객,조우진의 연기 하나만으로 영화내내 긴장감을 유지하는 영화
관람객,재밌게 잘 봤습니다~ 감동보단 그냥 볼만했습니다.
관람객,현대자동차 광고 잘 봤습니다
관람객,오랜만에 나름 재밋게 봤음
관람객,오~~ 역시 조우진!!! 혼자서 긴장감 일케 줄 수 있는건가요? ㅋㅋ 대박이네요
관람객,도심에서 스릴있어서 마지막까지 집중해서 관람했습니다.
관람객,좀더 한국 패치가 붙었다면 더 재밌었을듯. 결말은 더 다크하게 갔다면 좋았을것 같다
관람객,믿고 보는 조우진 아닙니까 ㅜ?
관람객,
관람객,딱킬링타임용 영화 특별한건없다 생각한그대로
관람객,줄거리 안보고 그냥 봤는데 진짜 시간가는줄 모르고  봤습니다.조우진연기자의 연기가 너무나 돋보였고앞으로 더 많은 작품에서 보고싶네요..코로나시기에 본영화중 최고입니다. 재미없다하시는분들 어딘가 꼬이신듯
관람객,자극적인 걸 좋아하는 사람들에겐 별로인 영화일 수 있다. 가족애에 대한 잔잔한 감동을 준다. 긴박감을 더하는 배경음이 한 몫을 했다고 본다. 사건의 전개가 느리다. 열린 결말이 아쉽다.
관람객,쫄깃하게 가족의 중요성을 새삼 느꼈습니다~일상에서 쉽게 지나갈 수 있는 일들이 긴박한 위기 속에서 감사로 빛을 발하네요.
관람객,"지창욱이 다 했다 지 창욱,짱"
관람객,귀멸의 칼날 두 번 더보는게 안아까울듯
관람객,광고보는줄…배우가아깝다
관람객,자동차극장에서 보세요 꿀잼
관람객,메세지도있고 잼있게보고왔네요
관람객,자동차내부라는 좁은 장소에서진행되는영화이지만 조우진 배우님의 탄탄한 연기력이 가장좋았어요ㅎ
관람객,연기때매 재밌게봄 배우 조우진 표정 목소리그냥 최고
관람객,너무 긴박하고 심장 쫄긴
관람객,
관람객,
관람객,"볼만하던데...긴박감도 계속되고, 뒷심이 좀 부족했지만 후회없음"
관람객,대단합니다 편집자 출신 이런 문제가 아닙니다. 데뷔작이 이 정도면 된 거 아닌가?
관람객,영화보는 내내 스릴감과 후반부의 슬프고 화가나는 현실적인 영화...! 누군가에게 눈물이 피눈물로 돌아온다 ㅜㅜ
관람객,진짜 너무 재밌습니다 ㅜ 눈물 줄줄 흘렸어요
관람객,스릴만점에 슬프기도하고 소름 쫙끼침 미쳤어시간가는줄도모르고 영화 봤어요 무조건보세요.
관람객,기대 안하고 봤는데 존잼이네요...
관람객,아직도  내가 왜 그렇게 눈물을 흘렸는지 이해가 안갈 정도로 많이 울었어요 와이프도 많이 울고 조우진 그리고 딸의 연기가 가슴을 울린건지....정말 너무 울었어요 잼나요
관람객,조우진 배우 연기가 ... 진짜 대박입니돠 .. 마지막은 감동까지 ㅠㅠ 너무 재밌어용 !! 후유증 지립니다 !!
관람객,제네시스및 부산여행 액션신도 좋았지만  스토리도 좋았다.재미있었다.
관람객,오랫만에 극장에서 시간 가는줄 모르게 잘 봤어요~^^ 조우진님과 지창욱님의 연기 짱입니다.
관람객,영화 재미있음조우진   지창욱 배우케미도좋고배우들연기도굿물론중간에약간신파같은느낌있지만그래도재미있음
관람객,스릴감이 숨이 막히게 재미있네요. 조우진 배우님 연기 정말 잘하시네요. 재미나게 잘 봤어요.
관람객,
관람객,너무 재밌음 흥미진진 했다 주인공이 미쳐서 답답했을때 나도 답답해서 울음 ㅠ
관람객,"감동 포인트도 있고 좋은 것 같아요 기대했는데 생각보다 더 재미있어요 조우진씨, 지창욱씨 나머지 배우분들 연기 덕분에 더 몰입 할 수 있었네요. 마지막 결말도 좋아요"
관람객,"초반부터 빨려드는 몰입감과 배우들의 연기, 부산 배경의 숨막히는 연출 좋았습니다. 하지만 마지막 엔딩은 저에게는 조금 의아하고 아쉽게 끝난듯 한 느낌이었습니다."
관람객,"오랜만에 흥미진진한 국내판 카체이싱을 볼 수 있어서 좋았어요! 조우진 배우의 섬세한 연기랑 화면 가득 긴장감 넘치는 영상이 시원하게 느껴졌어요. 보는 사람에 따라 내용은 조금 아쉬울 수 도 있지만, 화면에 몰입해서 ..."
관람객,너무 과하게 표현할려고 하지않은 것이 좋았다^^실제상황의 나였다면  저리했을거같은 연기!모든걸 떠나서 90분가까이 세상에 근심을 놓을수있었다~~~~
관람객,진짜 그냥 이때동안 본 영화들중 젤 재밌었음 .. 배우들 연기도 너무 좋았고 스토리도 너무 괜찮았던거 같음
관람객,재미있었어요!!  연기도 다들 잘하시고
관람객,조우진님 연기를 어떻게 그렇게 잘하시죠정말 연기 너무 잘하세요ㅎㅎ그리고 중년인데도 뭔가 섹시하심ㅎㅎ
관람객,올만에 찐한 감동 받음^^
관람객,긴장감 있게 재미있게 잘 봤어요. 최근에 본 영화 중 재밌는 편에 속하네요.
관람객,딸과 아빠가 너무 감동이라 전 광광 울었어여.. 보면서 차 광고인가싶기도하였지만 뭐 스토리가 좋았으니 재밌게 봤습니다. 전 영화음악이 크게 한 몫한 것 같아요 집중되게 만들었거든요
관람객,혼자 나올줄은 몰랐네...
관람객,스릴.연기 대박쓰..
관람객,당신 누구야 원하는게 뭡니까
관람객,조우진.이재인? 지창욱 연기가 정말  훌륭함!!!
관람객,조우진의 연기력이 다했다!
관람객,오랜만에 재밌게 잘 봤습니다
관람객,재밋구 감동적이에용 !
관람객,큰 기대없이 오랜만에 영화 볼 일이 있어 보게되었는데 재미있었어요!
관람객,조우진의 핏줄연기가 미쳤고 제네시스는 무지 예뻤다.
관람객,지창욱 조우진 연기합시너지 좋았고 예상되는 결말이고 가족애를 볼수 있었고 부산이 많이 나와서 잼있었어요
관람객,조우진 배우님이 멱살잡고 끌고 간 영화조우진 배우님 연기 진짜 레전드
관람객,와 조우진배우의 연기가 돋보입니다스릴만점!! 감정연기가 미쳤다
관람객,"빙다리 핫바지 경찰, 뒤로갈 수록 조금씩 초반의 긴장감 잃어가는 전개.조우진 연기가 영화값 많이 올려준 작품. 감독의 디테일. 굿."
관람객,
관람객,"연출, 음향, 배우들의 연기 덕분에 영화 보는 내내 몰입감 최고"
관람객,찡한 영화 입니다  너무 젬잇어요
관람객,스토리와 배우들의 연기 정말 대박입니다!
관람객,
관람객,시작후40분은 긴장감 최고조입니다경찰 등장부터 늘어지네요
관람객,원래 다른 영화 볼려다가 친구가 이거 보자고 해서 아무 예고편 안보고 영화관에서 봤습니다. 일단 추격씬 카메라 무빙 좋았고요. 브금도 긴장감있게 잘 만들었습니다. 배우들 연기는 말할것도 없이 몰입감 좋았습니다. 근데...
관람객,조우진 배우님 첫주연 영화기대이상으로 넘 스릴넘치고몰입해서 잘봤습니다연기도 최고 입니다배경음악 ~굿
관람객,오랜만에 재미있는 영화 봤습니다~~몇OO만에 처음으로 주연 맡으신 조우신 배우님연기짱!!!
관람객,조우진 배우 보는맛 하나
관람객,다 좋음. 근데 동생 정도는 확인하자 먼 경찰이 친동생인지 확인도 안 하고 협상하러 보내는 게 말이 되냐
관람객,너무 재밌어요
관람객,제네시스 반   조우진 연기 반
관람객,"꽤 잘만든 오락영화 입니다. 중간중간 개연성이 떨어지는 장면들이 있긴한데, 그래도 헐리우드 액션영화 같은 느낌은 잘 살렸습니다 특히 카체이스 액션 연출이 많이 나오는데, 국산 영화중에선 가장 잘 만들지 않았나 싶네요..."
관람객,재미있게 잘 보았읍니다
관람객,조우진 지창욱 쫄깃한 연기와 긴장감 넘치는 음악으로 몰입감 최고였음.
관람객,배우들 연기가 인상깊었어요.  결말이 현시대를 반영하는거 같아 좀 슬펐어요.
관람객,조우진과 지창욱의 연기와 연출이 잘 맞아떨어지는 거 같애요. 그리고.... 10년 전 <퀵>과는 전혀 다른 액션을 보여줘서 나쁘지 않았습이다.
관람객,간만에 딴생각 안나는 영화
관람객,조우진님 연기가 아주그냥 채고~~~
관람객,제한된공간에서 극한 상황에 놓였을때 심리묘사를 하는 영화들  터널이나 베리드 127시간 같은... 이런 류의 영화 좋아하는데 조우진님 연기력에 재밌게 봤습니다
관람객,배우들의 열연덕분에 몰입해서 잘봤습니다. 예상치 못했던 깊은 여운까지.. 역시 영화는 큰스크린으로 봐야합니다.
관람객,조우진 배우님 목소리 100분동안 들을수있어서 너무 좋았습니다 !!! 목소리 진짜 너무 멋지심 ㅠㅠ  연기는 말해무엇!!!!
관람객,시작에서부터 끝날 때까지 지루한 순간 없이 집중할 수 있었음. 스토리는 어쩌면 뻔한 스토리 같지만 역시라는 말이 나오는 연기와 과감하지만 부드러운 운전. 뻔한 스토리라는 단점이 보이지 않음.
관람객,그냥  볼만한  영화임니다
관람객,
관람객,스토리가 탄탄하고 조우진 연기가 좋았음 돈이 다가 아니고 소중한게 뭔지 느끼는 영화
관람객,조우진 연기 진짜 미친것같다 연출 영상미 모두 뛰어나서 진짜 보는내내 두 손 꼭 잡고 봄 진짜 빨려들어갈 정도로 몰입하게 되는 영화 정말 오랜만에 재밌게 본 영화네요 감사합니다
관람객,믿고보는 조우진 연기력  이영화는 연기력이 일단 10점 다먹고감. 한시간 반짜리 차광고라는데 맞는말인듯ㅋㅋ 되게 고급스럽게 만든 차광고....
관람객,조우진  연기잘하심지창욱 목소리 넘좋아
관람객,시간남아서 별 기대없이 봤다가 울다가 연기에 감동봤다가 나왔네요 .영화 잘됐으면 좋겠어요
관람객,조우진 믿고 보았습니다. ^^ 응원합니다.
관람객,"은행센터장 성규(조우진)는 아이들을 차에 태우고 출발한 평범한 출근길에 한 통의 발신번호 표시제한 전화를 받는다. 전화기 너머 의문의 목소리는 차에 폭탄이 설치되어 있고, 자리에서 일어날 경우 폭탄이 터진다고 경고하..."
관람객,초중반까지의 긴장감과 이야기 흐름은 좋았으나 점점 결말부로 치닫으면서 개연성이 사라져서 너무 아쉬웠습니다.
관람객,"킬링타임 용으로 좋았다, 하지만 폭탄을 설치한 게 잘 한 짓은 아니지만 결과적으로 원인을 제공한 사람은 조우진인데 하정우만 죽는 결과가 조금.. 안타까운 느낌 그리고 신파적인게 좀 보이는 게 아쉬웠다"
관람객,
관람객,조우진님 연기 최고… 오랜만에 본 영화인데 재밌었어용
관람객,스토리야 사실 뻔한 내용이니 패스. 앞에서 중반까지 너무 몰아붙이다가 잠시 한숨 쉬어가라고 늦춘건 좋은데 너무 늦춰서 질질 늘어짐. 조우진은 유해진을 따라 주연급으로 올라갈 준비가 된 것 같다. 이재인양 연기 정말 ...
관람객,조우진님 연기는 정말로 좋았어요!! 중간에 스토리가 조금... 아쉬웠지만... 자동차액션은 좋았어요 그 헬기cg가 조금... 경찰차만 했어도 괜찮았는데 그래도 킬링타임용으로 봐도 좋다고 생각합니다
관람객,조상무 이씨발X아ㅡㅡ어이ㅡ요 하나자르고ㅡ거기도ㅡ자르고 ㅡ조상무의 리얼 해운대 돈 구하는 스릴러
관람객,연기를 너무 잘해서 내가 다 조급하고 답답하고... 재밌게 잘 봤습니다 굿
관람객,
관람객,자동차는 제네시스 GV80 이지
관람객,조우진님 첫 주연 너무 인상깊어요!! 조우진님 연기가 다했다고해도 과언이 아님!!
관람객,딱 7점.초반 스토리는 좋았으나후반에 지루함.마지막 엔딩도 허무.그외 만족.g80 풀악셀할 때 속도계도 나오면 좋았겠음
관람객,
관람객,조우진 배우님 평소때 너무 좋게 생각했는데 주연으로 나오셔서 극장도 가고 평점도 첨 남겨봐요! 영화 몰입도 좋았습니다. 간만에 빠져들어서 봤네요ㅎㅎ
관람객,뻥 뚫린 도로를 잘 달리다 이유도 없이 급정거하면서 도로 정체를 일으키는 느낌의 영화. 부산 해운대 일대 보는 재미가 있어서 별점+.
관람객,폰부스에 뿌려진 부산행 감성(혹은 CJ감성)...
관람객,
관람객,조우진씨 부성애 연기 좋았어요결말은 억지라서 많이 아쉽더라구요
관람객,조우진님 하드캐리 잘 봤습니다
관람객,레트리뷰션 : 응징의 날 영화한국판 이네요
관람객,"러닝타임도 94분이길래, 나름.. 영화 내내 숨막히고 긴장을 놓을 수 없는 스릴러를 기대했으나, 드라마에 더 가까웠다.. 우선, 조우진 원맨쇼는 정말 좋았다! 그리고 초반부에 적절한 BGM을 넣으면서 처음부터 긴장감..."
관람객,"억지 설정, 연출이 좀 있으나 한국 도심에서 벌어지는 폭탄 협박 테러 장르라는 사실만으로 그럭저럭 볼만한 영화"
관람객,연기는 진짜 인정. 음악도 긴장감 극대화. 근데ㅠ 중간에 쫌 고구마 ㅠㅠ 근데 제네시스 G80 폭발차 옆에 있었어도 괜찮고 문짝 없이도 잘 달리네요잉. 갖고싶다 G80
관람객,와 진짜 감동..ㅠ그리고 나오시는 배우분들 모두 다 연기 잘하심 그래서 몰입도가 겁나 높아요
관람객,뻔한 스토리이긴 하지만 긴장감이 넘쳐서 재밌었어요 연기력이 좋아서 몰입이 잘 됐네용
관람객,폭탄터질때  깜짝 놀람..그때부터 끝날때까지 지루하진 않았음..뭔가 2퍼센트 아쉽긴함..
관람객,그냥 GV80 광고로 써도 되겠는데
관람객,어제 자유로자동차극장서 봤는데 재밌게봤어요뻔하지않은 배우의 훌륭한 연기라 보는맛이 있었네요.조우진배우가 연기할때 배역의 서사까지하고 연기하신다는데 그래서인지 배역마다 연기 진짜 잘하시네요. 스토리도 액션80% 드라마...
관람객,현대한테 얼마받았누?
관람객,이정도면 자동차 광고 아닌가요? 연기 그리고 제네시스
관람객,부산에서 찍은 94분짜리 제네시스 광고.. 결말이 허무함
관람객,아니 근데투자의책임을 왜 판매자에게 물어아무리 허튼 정보라도 그걸 믿고 투자했으면 손해는 투자자가 책임을 져야지
관람객,gv 80 광고를 해보겠습니다근데이제 스토리를 추가한
관람객,레전드...많은생각이든다
관람객,아빠와 딸의 연기가 돋보이는 영화입니다.'아빠가..사랑해..'라는 대사에서 저도 모르게 눈물이 주루룩..딸 가진 아빠의 마음이 이런건가봅니다.
관람객,우와우와우와영화보고나오자마자평점쓰긴처음이네요
관람객,조우진 지창욱 둘다 연기 우와 지창욱 등장신은 거의 관상에 이정재급
관람객,조우진 연기력 정말 감탄하면서 본 영화입니다
관람객,분위기가 더테러 라이브랑 비슷하네요 몰입감 좋고 메세지가 있는 영화네요
관람객,무엇보다 결말이 좋았다
관람객,지금의 세태를 잘 대변해주는 명작입니다  천만 영화  되세요
관람객,초반부터 긴장감이 장난아니고 음향이 너무 잘어울리면서 마지막까지 긴장하게 되고 배우에 연기력은 그 누구도 깔 수가 없다. 진심 잼나게 보고왔다. 아쉬운건 뻔한 내용인거 지만 긴장감을 느끼고 싶으면 추천합니다.
관람객,지금 보고 나왔는데 진짜 재밌네요 조우진 연기는 뭐 할 말이 없을 정도로 잘하고 나중에 친구랑 또 보러 가게 될꺼 같네요.. 돈 내고 볼만한 영화입니다.
관람객,잼있누이거봐야함보라와요
관람객,재미있게 봐놓고 밥맛있게 처먹고 재미없다는 새기들 많노 합리적인 이유라도 대면 모르겠다 마지막에 물에 같이 빠지지 그러냐
관람객,배우 조우진의 연기력에 감탄불완전 판매에 대한 피해자만 있고 가해자는 없는 안타까운 현실이 안타까울뿐
관람객,극장나들이 얼마만인지ㅜㅜ 역시 믿고보는 지창욱!!! 다음엔 얼굴도 많이 볼 수 있는 영화 찍어주세요ㅎㅎ
관람객,시간가는줄 모르고 본 영화
관람객,볼영화가 없어서 볼만했으나 많이 아쉬움..제네시스 멋있음!
관람객,믿고보는 조우진배우님이네요재밌게보고가요
관람객,"조우진 배우를 비롯한, 배우분들의 연기가 매우 일품인 영화입니다만, 내용이 조금은 부실한 영화가 아닐까 싶습니다. 긴박감 넘치는 추격장면을 생각했으나, 추격씬도 생각보다 짧아서 아쉬웠고, 스토리도 가벼운 느낌입니다...."
관람객,gv80 계약 전 보기좋은 영화
관람객,두 번 봤음. 세번째 보러갈 계획임빌런이 젤 슬펐슴
관람객,"원작 영화를 봤는데도  훨씬 몰입할만큼 재미있었음 차량씬이 대부분이라 단조로울 수도 있는  영상을 해운대도심과  부산 바다배경의 시원한 영상미와 연기자분들의 혼신을 다한 연기력, 그리고 설득력 있는 깔끔한 연출로  ..."
관람객,와... 감동이먹먹 진짜 재밋다...오랜만에 영화다운영화봄조우진님 연기너무잘함 조우진님연기를보더라도 재미짐 정말보셈
관람객,볼만했어요 남편 3번 울었어요ㅋㅋㅋ 남편도 재미있게 잘 봤대요 저희 딸이 단발머린데 주인공 딸도 단발머리라서 딸 생각 하면서 봤다고 하더 라구요 그래서 더 공감이 됬다고 하더라구요..ㅋㄱㄲ
관람객,지창욱때문에 개봉일에 튀왔는데 역시 지창욱이 다했네. 아직도 이런 영화가 있었구나..
관람객,백만년만에 시사회. 직진영화. 적절한감동. 스피디함. 입봉작치고 몇편만든 감독영화보다 훨~씬 나음.킬링타임 추천. 지창욱 넘 잘생김
관람객,12시꺼 보고왓는데 괜찮네요 볼만해요
관람객,지루하지않아 좋았어요
관람객,지창욱 아주 연기로 씹어먹는데?? 두사람 붙는씬 압권이다 진짜
관람객,조우진  배우  믿고 보는 배우^^   평점이 왜이리  낮은지  모르겠네요   손에  힘 을 쥐고  관람했네요 오  재밋었어요   추천합니다
관람객,그냥 여고괴담 볼껄 ㅜㅜ
관람객,조우진님 연기는 엄지척! 결말이 뭔가 힘 빠진다는 느낌이 들었지만 간만에 재미난 영화를 본 것 같아요.
관람객,연기 집중하다보니 시간순삭
관람객,시간가는줄 모르고 봤습니다! 추천!
관람객,조우진의 연기만 잘봤습니다
관람객,눈물은 예상밖이라 휴지가 없어서 난감했어요
관람객,우와웅 ㅎㅎ 재미있네요
관람객,마지막까지 집중해서 잘 봤네요 감동도 있고 좋았어요
관람객,
관람객,지창욱 연기 무엇ㅠㅠㅠ 눈빛에 서사 가득
관람객,
관람객,감명깊게 잘봤습니다  조우진씨 진심어린 연기 좋았습니다
관람객,엄마랑 거의 1년 만에 극장에서 봤어요 배우 조우진님 목소리 너무 좋고 . 절제되면서 빡친연기 넘 인상적이였어요 . 스토리는 그냥저냥 그랬는데 연기를 너무~ 잘해서 시간 가는줄 모르고 봤어요
관람객,연기력도 너무 좋았고 내용도 좋았습니다. 보는사람까지도 마음졸이고 안타까워지게 하는 몰입도 높은 영화였습니다
관람객,눈물 한줄기 또르르르으..
관람객,주연배우 연기짱대상 가즈아!
관람객,여름에 어울리는 영화였어요~ 재밌게 봤습니다
관람객,꿀잼 ㅋㅋ 울 동네 해운대 나와서 더 좋았음ㅋㅋㅋ
관람객,영화 내용은 조금 뻔한감이 있긴하지만 조우진배우님의 연기력덕에 정말 재밌게봤어요
관람객,오늘 롯데시네마영등포에서 봤는데 제돈주고 보긴 아까운 영화에요..좋은 주제와 시사인데 정말 연출력이..후집니가...조우진 배우는 아직 원탑으로 주연하기엔 약해보여요...깊이가 부족합니다..납득할 수 없는 포인트가 좀...
관람객,와 .. 재밌고도 참 슬프네요. 만년조연 조우진의 첫주연 축하드려요. 연신 눈물을 훔치며 보았습니다. 무엇보다 살면서 남에게 해끼치지 말고 피해주지도 말아야한다고 거듭 느끼게 되어요. 이 영화 강추!!
관람객,
관람객,
관람객,조우진의 연기가 영화를 제대로 빛냈다.
관람객,90분 내내 긴장감을 놓을 수 없는 영화! 조우진 지창욱 연기력으로 대결하는 영화!
관람객,
관람객,차량 질주신이 인상 깊네요~우리나라 영화에서 그런 장면을 보다니ㅎㅎ조우진 연기도 잘하더라구요
관람객,킬링 타임용으로 추천드립니다! 나름 시간가는 줄도 모르고 재밌게 봤습니다!
관람객,
관람객,GV80이 주인공인 영화GV80 사고 싶어요
관람객,영화선택할때감독부터보는데 나름잼나게본영화들이라 선택해서 보고왔는데  조우진씨보니 예전에 말죽거리보고 조진웅주차장웃는씬밖에기억안날정도로 이사람뭐지했는데 조우진씨도 예전에 내부자들인가 잠깐 나오는데 상당히 임택트있었는데...
관람객,길게 쓴 평점 날아갔는데 아무도 책임지지 않는 게 이해가 안가네요 이무튼 영화는 괜찮았고 조우진 배우의 섬세한 연기는 최고였습니다 올해 각종 영화제 남우주연상감입니다 그 외 배우들도 다 멋진 연기였습니다
관람객,정말 재밌게봤습니다. 영화보다보면 쉬운 문제가 머리속으로 생각날겁니다. 늘 그렇듯 sf의 느낌 그리고 큰 의미로 느껴보세요 전 정말 재밌게 봤습니다 10대는 1점대네요 사실 1점 미만이라고 봐야겠져 어른들이 공감할 ...
관람객,"음악,영상미,연기역시 한국영화지요군더더기없이 깔끔하고 남주의 연기가 좋았습니다음악도 영상미도 큰 몫을 했습니다강추~^^"
관람객,스토리가 별로라고 해서 기대를 좀 덜하고  봤는데 사회에 대한 고발 내용도 있고 자신을 돌아보는 내용이라 재밌게 보았네요무능한 경찰들이 아쉽다면 아쉬울 뿐 연기와 연출 및 영상미 모두 마음에 들어 시간이 빠르게 지나...
관람객,진경 배우 카리스마가 장난이 아님
관람객,엄지발가락 조우진 님 멱살잡고 영화 캐리하셧네
관람객,뻔한 결말이라도 거기에 도달하기까지의 서스펜스가 나쁘지 않았음. 근데 동생 맞는지 신원 확인은 왜 안 함? 그 위중한 상황에 경찰의 실수란 말인가.
관람객,
관람객,재밌게 잘봤습니다..
관람객,실력있는 편집감독이 메가폰을 잡으니  영화 몰입도가  확실히 다른걸 느꼈다.
관람객,조우진 배우님 연기랑 음악이 정말 좋았어요. 쫄깃쫄깃♡ 생각이상으로 꿀잼 영화였습니다. 조우진님 흥하시길
관람객,진장감 있게 봤습니다.
관람객,조우진 연기 대박
관람객,보고싶네요 그리고 내가좋아할만한 영화네요 페이스복 페이지 에서 예고편 봤는데 재미어보여요 보고싶습니다.
관람객,이런 말도 안되는 영화를 끝까지 연기해준 조우진 멘탈에 감동하여 별 5개 드립니다..
관람객,재밌었고 연기 잘해요 모두
관람객,연기 진짜 잘하세요 다들.. 중간중간 엥?하고 의문이 들다가도 연기때문에 몰입해서 잊게됨..교훈은 뭐 확실하네요 떳떳하게 살자 소재도 괜찮았으나 그걸 풀어내는 방식은 뻔했다... 그런 느낌..
관람객,시간 기는줄 모르고 봤네요~~간만에 감동적인 영화 봤네요~~다시한번 또 봐야 겠네요~~
관람객,연기들이 대단했다 시간가는줄 모르고 봤네요
관람객,조우진 연기짱  슬프기도 함
관람객,
관람객,배우님들의 연기가 돋보였습니다!! 몰입해서 재밌게 잘 봤어요!!
관람객,이걸 영화라고 만들었냐?스토리가 너무 억지춘향이다
관람객,재밌고 배우들 연기 잘해서 시간도 잘 갔고 빠져들어 시간이 후딱 지나감. 범인이 너무 유도리가 없어서 중간에 살짝 짜증난거 빼곤 만족함.
관람객,지창욱....ㅎㄷㄷ
관람객,조우진 배우의 연기력은 진짜 좋아요!!
관람객,재미잇네요 좋은선택 감사합니다ㅔ
관람객,그럭저럭 볼만했던!사람은 역시 착하게 살아야함!
관람객,후반주가 조금 아쉽지만 긴장감있게 잘 봤습니다. 부산 사람이 보면 저 거리가 저 시간에 주파가 가능한가 생각도 들 듯...
관람객,너무 재밌게 봤습니다~
관람객,조우진 연기는 언제나 믿보
관람객,조우진 연기 넘 잘해요! 첫 주연작 아닌가? 기대합니다
관람객,추격씬 대박 스릴!!! 역시 믿보배 조우진!!
관람객,이렇게 뭔가 박진감 넘치고 긴장감 있는 그런 기분 들게 하는 영화들이 많이 나오면 좋겠다 진심 돈이 안 아까움
관람객,조우진 연기는 주연작으로 보니 더 빛이 남! 긴장감 몰입감 도랏..
관람객,차에서 전개되는게 재밌었음
관람객,존잼 연기 진짜 잘함이게 영화지
관람객,"와전 자동차 선전 영화 주인공 연기어색 더 배워,"
관람객,기대안하고  봤는데  배우들 연기력 좋고 장말 괜찮는 영화네요
관람객,이ㅜ영화를 보고 gv80계약하러 갔다가 통장 잔고보고 눈물을 흘리며ㅜ나왔습니다.
관람객,우선.. 부산이 너무 예쁘게 담겨서 부산 여행계획 잡음.. 전개도 빠르고 재난영화를 선호하는 저로써는 너무 재미있었고 모든 배우들 연기가 좋았지만.. 조우진배우님 섬세한 연기가 너무 소름이였어요 추천합니당
관람객,올해 본 한국영화 중에 제일 재밌다
관람객,몰입도 있고 스토리도 괜찮네요 ㅎㅎㅎ
관람객,
관람객,영화보는내내 지루하지않고 감동적이고 조우진배우님이 연기력도 짱이고 우는연기도 짱이여서 영화내내 감동받고 울었습니당 또 보고싶네용
관람객,"현 시각 보면서 리뷰 남기는데, 스토리가 정말 어설퍼서 어이가 없네"
관람객,결말이 조금 아쉽긴하지만 너무 재밌게 봤습니다.
관람객,스토리가 뻔하고 이해안가는 부분이 많았지만 연기력이 최고였어요 :)
관람객,
관람객,사람은 죄를 짓고살지말아야 한다는 생각을 또 한번하게 만드는 영화네요
관람객,더테러라이브 같은 임팩트를 기대했는데 긴장감은 하나도 찾아볼수 없었고 주인공은 범인한테 반격하나없이 속수무책으로 당하기만해서 발암까지 선사함.. 게다가 사회비판은 하고 싶었는지 후반가서 범인의 하소연으로 억울한 사연...
관람객,잼있게  잘봣어요~~~
관람객,클리셰 범벅
관람객,잘~ 만들었다는 말 들으려고 노력한 영화. 개봉첫날이라 수많은 관계자들의 비추가 눌릴것으로 예상
관람객,망했음 조우진발로연기하는듯 재미없의요
관람객,스릴있고 재밋게봤습니다^^
관람객,발신제한 NO! 흥행제한 YES!
관람객,지창욱 범인인거 보면 눈치채고긴장감은 없지만 예상되는 스토리조우진 앞으로 더 기대됩니다
관람객,괜찮케 네 고객님 알겠습니다 고객님 안녕하세요 고객님 안녕하세요 고객님 안녕하세요 고객님 안녕하세요 고객님 안녕하세요 데이저스트 네 고객님 협조감사합니다 고객님 안녕하세요 고객님 안녕하세요 고객님 안녕하세요 고객님 ...
관람객,조우진이  주연인게 말이되냐?
